shop1,shop2,route,is_shipped,episodes,mean_margin
BAKERY,ICE_CREAM_SHOP,0,0,8,117524.5
BAKERY,ICE_CREAM_SHOP,1,0,8,107297.75
BAKERY,ICE_CREAM_SHOP,2,0,8,117512.75
BAKERY,ICE_CREAM_SHOP,3,0,8,104522.25
BAKERY,ICE_CREAM_SHOP,4,0,8,103710.5
BAKERY,ICE_CREAM_SHOP,5,0,8,107392.0
BAKERY,ICE_CREAM_SHOP,6,0,8,104418.0
BAKERY,ICE_CREAM_SHOP,7,0,8,103495.25
BAKERY,ICE_CREAM_SHOP,8,0,8,103484.25
BAKERY,ICE_CREAM_SHOP,9,0,8,101877.75
BAKERY,ICE_CREAM_SHOP,10,0,8,103793.75
BAKERY,ICE_CREAM_SHOP,11,0,8,104230.0
BAKERY,ICE_CREAM_SHOP,12,0,8,97777.25
BAKERY,ICE_CREAM_SHOP,100,0,8,116703.5
BAKERY,ICE_CREAM_SHOP,101,0,8,117080.25
BAKERY,ICE_CREAM_SHOP,103,0,8,118309.25
BAKERY,ICE_CREAM_SHOP,104,0,8,117439.25
BAKERY,ICE_CREAM_SHOP,105,1,8,120419.5
BAKERY,ICE_CREAM_SHOP,106,0,8,120419.75
BAKERY,ICE_CREAM_SHOP,107,0,8,117507.5
BAKERY,ICE_CREAM_SHOP,108,0,8,120839.5
BAKERY,ICE_CREAM_SHOP,109,0,8,104282.0
BAKERY,ICE_CREAM_SHOP,110,0,8,118093.75
BAKERY,ICE_CREAM_SHOP,111,0,8,113039.75
BAKERY,ICE_CREAM_SHOP,112,0,8,117438.75
BAKERY,ICE_CREAM_SHOP,113,0,8,117253.75
BAKERY,ICE_CREAM_SHOP,114,0,8,112729.0
BAKERY,ICE_CREAM_SHOP,115,0,8,112389.0
BAKERY,ICE_CREAM_SHOP,116,0,8,117080.25
BAKERY,ICE_CREAM_SHOP,117,0,8,111323.5
BAKERY,ICE_CREAM_SHOP,118,0,8,116128.75
BAKERY,ICE_CREAM_SHOP,119,0,8,117080.25
BAKERY,ICE_CREAM_SHOP,120,0,8,120617.25
BAKERY,ICE_CREAM_SHOP,121,0,8,120318.0
BAKERY,ICE_CREAM_SHOP,122,0,8,120839.5
BAKERY,ICE_CREAM_SHOP,123,0,8,118858.5
BAKERY,ICE_CREAM_SHOP,124,0,8,121437.5
BAKERY,ICE_CREAM_SHOP,125,0,8,120419.5
BAKERY,ICE_CREAM_SHOP,126,0,8,105064.5
BAKERY,ICE_CREAM_SHOP,127,0,8,104282.0
BAKERY,ICE_CREAM_SHOP,128,0,8,104345.25
BAKERY,PIZZA_SHOP,0,0,5,117486.6
BAKERY,PIZZA_SHOP,1,0,5,116679.6
BAKERY,PIZZA_SHOP,2,0,5,117332.0
BAKERY,PIZZA_SHOP,3,0,5,118891.6
BAKERY,PIZZA_SHOP,4,0,5,116747.0
BAKERY,PIZZA_SHOP,5,0,5,117433.8
BAKERY,PIZZA_SHOP,6,0,5,118781.6
BAKERY,PIZZA_SHOP,7,0,5,117192.4
BAKERY,PIZZA_SHOP,8,0,5,117190.8
BAKERY,PIZZA_SHOP,9,0,5,116230.8
BAKERY,PIZZA_SHOP,10,0,5,109307.0
BAKERY,PIZZA_SHOP,11,0,5,118697.2
BAKERY,PIZZA_SHOP,12,0,5,104536.4
BAKERY,PIZZA_SHOP,100,0,5,123514.4
BAKERY,PIZZA_SHOP,101,0,5,112862.6
BAKERY,PIZZA_SHOP,103,0,5,113704.2
BAKERY,PIZZA_SHOP,104,0,5,109686.8
BAKERY,PIZZA_SHOP,105,0,5,115728.6
BAKERY,PIZZA_SHOP,106,0,5,115728.6
BAKERY,PIZZA_SHOP,107,1,5,122389.4
BAKERY,PIZZA_SHOP,108,0,5,112108.2
BAKERY,PIZZA_SHOP,109,0,5,119022.4
BAKERY,PIZZA_SHOP,110,0,5,115633.2
BAKERY,PIZZA_SHOP,111,0,5,113236.8
BAKERY,PIZZA_SHOP,112,0,5,112841.6
BAKERY,PIZZA_SHOP,113,0,5,113045.2
BAKERY,PIZZA_SHOP,114,0,5,111457.6
BAKERY,PIZZA_SHOP,115,0,5,109926.8
BAKERY,PIZZA_SHOP,116,0,5,112862.6
BAKERY,PIZZA_SHOP,117,0,5,111482.6
BAKERY,PIZZA_SHOP,118,0,5,112788.8
BAKERY,PIZZA_SHOP,119,0,5,112862.6
BAKERY,PIZZA_SHOP,120,0,5,115763.0
BAKERY,PIZZA_SHOP,121,0,5,115527.4
BAKERY,PIZZA_SHOP,122,0,5,112108.2
BAKERY,PIZZA_SHOP,123,0,5,123357.8
BAKERY,PIZZA_SHOP,124,0,5,112545.0
BAKERY,PIZZA_SHOP,125,0,5,115728.6
BAKERY,PIZZA_SHOP,126,0,5,120593.4
BAKERY,PIZZA_SHOP,127,0,5,119022.4
BAKERY,PIZZA_SHOP,128,0,5,119030.0
BRUNCH_SPOT,BAKERY,0,0,6,75195.0
BRUNCH_SPOT,BAKERY,1,0,6,64884.67
BRUNCH_SPOT,BAKERY,2,0,6,75127.67
BRUNCH_SPOT,BAKERY,3,0,6,63048.33
BRUNCH_SPOT,BAKERY,4,0,6,65062.67
BRUNCH_SPOT,BAKERY,5,0,6,64901.33
BRUNCH_SPOT,BAKERY,6,0,6,63091.67
BRUNCH_SPOT,BAKERY,7,0,6,64792.67
BRUNCH_SPOT,BAKERY,8,0,6,64827.0
BRUNCH_SPOT,BAKERY,9,0,6,59110.67
BRUNCH_SPOT,BAKERY,10,0,6,56552.67
BRUNCH_SPOT,BAKERY,11,0,6,63072.67
BRUNCH_SPOT,BAKERY,12,0,6,55798.33
BRUNCH_SPOT,BAKERY,100,0,6,75127.67
BRUNCH_SPOT,BAKERY,101,0,6,75608.0
BRUNCH_SPOT,BAKERY,103,1,6,77109.0
BRUNCH_SPOT,BAKERY,104,0,6,75974.67
BRUNCH_SPOT,BAKERY,105,0,6,75608.0
BRUNCH_SPOT,BAKERY,106,0,6,75946.0
BRUNCH_SPOT,BAKERY,107,0,6,75629.33
BRUNCH_SPOT,BAKERY,108,0,6,75720.33
BRUNCH_SPOT,BAKERY,109,0,6,63147.0
BRUNCH_SPOT,BAKERY,110,0,6,78547.0
BRUNCH_SPOT,BAKERY,111,0,6,74950.0
BRUNCH_SPOT,BAKERY,112,0,6,76342.67
BRUNCH_SPOT,BAKERY,113,0,6,75662.0
BRUNCH_SPOT,BAKERY,114,0,6,71393.33
BRUNCH_SPOT,BAKERY,115,0,6,70503.33
BRUNCH_SPOT,BAKERY,116,0,6,75608.0
BRUNCH_SPOT,BAKERY,117,0,6,74598.0
BRUNCH_SPOT,BAKERY,118,0,6,75550.0
BRUNCH_SPOT,BAKERY,119,0,6,75608.0
BRUNCH_SPOT,BAKERY,120,0,6,76190.0
BRUNCH_SPOT,BAKERY,121,0,6,75635.67
BRUNCH_SPOT,BAKERY,122,0,6,75720.33
BRUNCH_SPOT,BAKERY,123,0,6,76567.67
BRUNCH_SPOT,BAKERY,124,0,6,76758.67
BRUNCH_SPOT,BAKERY,125,0,6,75608.0
BRUNCH_SPOT,BAKERY,126,0,6,64420.0
BRUNCH_SPOT,BAKERY,127,0,6,63147.0
BRUNCH_SPOT,BAKERY,128,0,6,63350.67
BRUNCH_SPOT,SMOOTHIE_SHOP,0,0,8,38041.0
BRUNCH_SPOT,SMOOTHIE_SHOP,1,0,8,37998.0
BRUNCH_SPOT,SMOOTHIE_SHOP,2,0,8,37850.75
BRUNCH_SPOT,SMOOTHIE_SHOP,3,0,8,38365.25
BRUNCH_SPOT,SMOOTHIE_SHOP,4,0,8,37876.5
BRUNCH_SPOT,SMOOTHIE_SHOP,5,0,8,38119.25
BRUNCH_SPOT,SMOOTHIE_SHOP,6,0,8,38421.75
BRUNCH_SPOT,SMOOTHIE_SHOP,7,0,8,38837.0
BRUNCH_SPOT,SMOOTHIE_SHOP,8,0,8,38853.5
BRUNCH_SPOT,SMOOTHIE_SHOP,9,0,8,35912.5
BRUNCH_SPOT,SMOOTHIE_SHOP,10,0,8,38638.0
BRUNCH_SPOT,SMOOTHIE_SHOP,11,0,8,38767.25
BRUNCH_SPOT,SMOOTHIE_SHOP,12,0,8,17340.5
BRUNCH_SPOT,SMOOTHIE_SHOP,100,0,8,37600.75
BRUNCH_SPOT,SMOOTHIE_SHOP,101,0,8,37091.0
BRUNCH_SPOT,SMOOTHIE_SHOP,103,0,8,38709.5
BRUNCH_SPOT,SMOOTHIE_SHOP,104,0,8,35500.0
BRUNCH_SPOT,SMOOTHIE_SHOP,105,1,8,35924.25
BRUNCH_SPOT,SMOOTHIE_SHOP,106,0,8,35926.0
BRUNCH_SPOT,SMOOTHIE_SHOP,107,0,8,35942.0
BRUNCH_SPOT,SMOOTHIE_SHOP,108,0,8,34734.5
BRUNCH_SPOT,SMOOTHIE_SHOP,109,0,8,37409.0
BRUNCH_SPOT,SMOOTHIE_SHOP,110,0,8,35187.25
BRUNCH_SPOT,SMOOTHIE_SHOP,111,0,8,31035.5
BRUNCH_SPOT,SMOOTHIE_SHOP,112,0,8,37274.5
BRUNCH_SPOT,SMOOTHIE_SHOP,113,0,8,37014.75
BRUNCH_SPOT,SMOOTHIE_SHOP,114,0,8,38551.0
BRUNCH_SPOT,SMOOTHIE_SHOP,115,0,8,38527.5
BRUNCH_SPOT,SMOOTHIE_SHOP,116,0,8,37091.0
BRUNCH_SPOT,SMOOTHIE_SHOP,117,0,8,34405.5
BRUNCH_SPOT,SMOOTHIE_SHOP,118,0,8,35851.75
BRUNCH_SPOT,SMOOTHIE_SHOP,119,0,8,37091.0
BRUNCH_SPOT,SMOOTHIE_SHOP,120,0,8,36322.0
BRUNCH_SPOT,SMOOTHIE_SHOP,121,0,8,35476.25
BRUNCH_SPOT,SMOOTHIE_SHOP,122,0,8,34734.5
BRUNCH_SPOT,SMOOTHIE_SHOP,123,0,8,33322.5
BRUNCH_SPOT,SMOOTHIE_SHOP,124,0,8,35313.75
BRUNCH_SPOT,SMOOTHIE_SHOP,125,0,8,35924.25
BRUNCH_SPOT,SMOOTHIE_SHOP,126,0,8,40107.0
BRUNCH_SPOT,SMOOTHIE_SHOP,127,0,8,37409.0
BRUNCH_SPOT,SMOOTHIE_SHOP,128,0,8,37574.0
BRUNCH_SPOT,YARN_STORE,0,0,10,144645.3
BRUNCH_SPOT,YARN_STORE,1,0,10,163695.0
BRUNCH_SPOT,YARN_STORE,2,0,10,144354.1
BRUNCH_SPOT,YARN_STORE,3,0,10,162940.3
BRUNCH_SPOT,YARN_STORE,4,0,10,156324.6
BRUNCH_SPOT,YARN_STORE,5,0,10,163638.3
BRUNCH_SPOT,YARN_STORE,6,0,10,162732.2
BRUNCH_SPOT,YARN_STORE,7,0,10,162766.2
BRUNCH_SPOT,YARN_STORE,8,0,10,163496.0
BRUNCH_SPOT,YARN_STORE,9,0,10,163338.4
BRUNCH_SPOT,YARN_STORE,10,0,10,159151.1
BRUNCH_SPOT,YARN_STORE,11,1,10,160641.1
BRUNCH_SPOT,YARN_STORE,12,0,10,156382.1
BRUNCH_SPOT,YARN_STORE,100,0,10,144209.5
BRUNCH_SPOT,YARN_STORE,101,0,10,144562.9
BRUNCH_SPOT,YARN_STORE,103,0,10,147104.6
BRUNCH_SPOT,YARN_STORE,104,0,10,143773.8
BRUNCH_SPOT,YARN_STORE,105,0,10,141033.9
BRUNCH_SPOT,YARN_STORE,106,0,10,141025.9
BRUNCH_SPOT,YARN_STORE,107,0,10,143206.7
BRUNCH_SPOT,YARN_STORE,108,0,10,140019.3
BRUNCH_SPOT,YARN_STORE,109,0,10,158624.8
BRUNCH_SPOT,YARN_STORE,110,0,10,134299.8
BRUNCH_SPOT,YARN_STORE,111,0,10,135030.2
BRUNCH_SPOT,YARN_STORE,112,0,10,148319.2
BRUNCH_SPOT,YARN_STORE,113,0,10,144806.2
BRUNCH_SPOT,YARN_STORE,114,0,10,149784.4
BRUNCH_SPOT,YARN_STORE,115,0,10,150387.6
BRUNCH_SPOT,YARN_STORE,116,0,10,144562.9
BRUNCH_SPOT,YARN_STORE,117,0,10,138535.3
BRUNCH_SPOT,YARN_STORE,118,0,10,142839.8
BRUNCH_SPOT,YARN_STORE,119,0,10,144562.9
BRUNCH_SPOT,YARN_STORE,120,0,10,141505.4
BRUNCH_SPOT,YARN_STORE,121,0,10,140263.5
BRUNCH_SPOT,YARN_STORE,122,0,10,140019.3
BRUNCH_SPOT,YARN_STORE,123,0,10,136201.1
BRUNCH_SPOT,YARN_STORE,124,0,10,140719.8
BRUNCH_SPOT,YARN_STORE,125,0,10,141033.9
BRUNCH_SPOT,YARN_STORE,126,0,10,160592.5
BRUNCH_SPOT,YARN_STORE,127,0,10,158624.8
BRUNCH_SPOT,YARN_STORE,128,0,10,158997.6
FARMERS_MARKET,BAKERY,0,0,6,-9753.0
FARMERS_MARKET,BAKERY,1,0,6,-6909.33
FARMERS_MARKET,BAKERY,2,0,6,-9019.67
FARMERS_MARKET,BAKERY,3,0,6,-5415.0
FARMERS_MARKET,BAKERY,4,0,6,-6722.67
FARMERS_MARKET,BAKERY,5,0,6,-6806.0
FARMERS_MARKET,BAKERY,6,0,6,-5240.0
FARMERS_MARKET,BAKERY,7,0,6,-5202.0
FARMERS_MARKET,BAKERY,8,0,6,-5157.67
FARMERS_MARKET,BAKERY,9,0,6,-5671.33
FARMERS_MARKET,BAKERY,10,0,6,-3045.67
FARMERS_MARKET,BAKERY,11,0,6,-5023.67
FARMERS_MARKET,BAKERY,12,0,6,-7868.33
FARMERS_MARKET,BAKERY,100,0,6,-9503.33
FARMERS_MARKET,BAKERY,101,0,6,-6378.67
FARMERS_MARKET,BAKERY,103,1,6,-5389.67
FARMERS_MARKET,BAKERY,104,0,6,-12030.0
FARMERS_MARKET,BAKERY,105,0,6,-8456.67
FARMERS_MARKET,BAKERY,106,0,6,-8456.67
FARMERS_MARKET,BAKERY,107,0,6,-8425.33
FARMERS_MARKET,BAKERY,108,0,6,-13964.67
FARMERS_MARKET,BAKERY,109,0,6,-5923.0
FARMERS_MARKET,BAKERY,110,0,6,-12263.33
FARMERS_MARKET,BAKERY,111,0,6,-10185.33
FARMERS_MARKET,BAKERY,112,0,6,-5737.67
FARMERS_MARKET,BAKERY,113,0,6,-6603.67
FARMERS_MARKET,BAKERY,114,0,6,-6323.67
FARMERS_MARKET,BAKERY,115,0,6,-7293.33
FARMERS_MARKET,BAKERY,116,0,6,-6378.67
FARMERS_MARKET,BAKERY,117,0,6,-13588.33
FARMERS_MARKET,BAKERY,118,0,6,-7056.67
FARMERS_MARKET,BAKERY,119,0,6,-6378.67
FARMERS_MARKET,BAKERY,120,0,6,-8219.33
FARMERS_MARKET,BAKERY,121,0,6,-8892.0
FARMERS_MARKET,BAKERY,122,0,6,-13964.67
FARMERS_MARKET,BAKERY,123,0,6,-11722.33
FARMERS_MARKET,BAKERY,124,0,6,-13432.0
FARMERS_MARKET,BAKERY,125,0,6,-8456.67
FARMERS_MARKET,BAKERY,126,0,6,-4697.67
FARMERS_MARKET,BAKERY,127,0,6,-5923.0
FARMERS_MARKET,BAKERY,128,0,6,-5495.0
FARMERS_MARKET,YARN_STORE,0,0,6,86639.17
FARMERS_MARKET,YARN_STORE,1,0,6,84250.67
FARMERS_MARKET,YARN_STORE,2,0,6,86623.5
FARMERS_MARKET,YARN_STORE,3,0,6,87790.33
FARMERS_MARKET,YARN_STORE,4,0,6,98564.0
FARMERS_MARKET,YARN_STORE,5,0,6,84005.0
FARMERS_MARKET,YARN_STORE,6,0,6,87862.33
FARMERS_MARKET,YARN_STORE,7,0,6,87689.67
FARMERS_MARKET,YARN_STORE,8,0,6,100888.0
FARMERS_MARKET,YARN_STORE,9,0,6,98514.5
FARMERS_MARKET,YARN_STORE,10,0,6,100199.83
FARMERS_MARKET,YARN_STORE,11,0,6,87694.67
FARMERS_MARKET,YARN_STORE,12,0,6,84982.67
FARMERS_MARKET,YARN_STORE,100,0,6,86250.33
FARMERS_MARKET,YARN_STORE,101,0,6,90768.5
FARMERS_MARKET,YARN_STORE,103,0,6,91999.0
FARMERS_MARKET,YARN_STORE,104,0,6,90229.67
FARMERS_MARKET,YARN_STORE,105,0,6,87992.0
FARMERS_MARKET,YARN_STORE,106,0,6,87984.0
FARMERS_MARKET,YARN_STORE,107,0,6,92883.33
FARMERS_MARKET,YARN_STORE,108,0,6,87922.33
FARMERS_MARKET,YARN_STORE,109,0,6,87303.67
FARMERS_MARKET,YARN_STORE,110,0,6,80457.33
FARMERS_MARKET,YARN_STORE,111,0,6,85752.67
FARMERS_MARKET,YARN_STORE,112,0,6,91331.67
FARMERS_MARKET,YARN_STORE,113,0,6,90907.5
FARMERS_MARKET,YARN_STORE,114,0,6,94967.5
FARMERS_MARKET,YARN_STORE,115,0,6,95846.67
FARMERS_MARKET,YARN_STORE,116,0,6,90768.5
FARMERS_MARKET,YARN_STORE,117,0,6,81739.67
FARMERS_MARKET,YARN_STORE,118,0,6,88590.0
FARMERS_MARKET,YARN_STORE,119,0,6,90768.5
FARMERS_MARKET,YARN_STORE,120,0,6,88291.83
FARMERS_MARKET,YARN_STORE,121,0,6,87083.83
FARMERS_MARKET,YARN_STORE,122,0,6,87922.33
FARMERS_MARKET,YARN_STORE,123,0,6,87470.67
FARMERS_MARKET,YARN_STORE,124,0,6,88616.0
FARMERS_MARKET,YARN_STORE,125,0,6,87992.0
FARMERS_MARKET,YARN_STORE,126,0,6,87547.5
FARMERS_MARKET,YARN_STORE,127,0,6,87303.67
FARMERS_MARKET,YARN_STORE,128,1,6,87482.17
ICE_CREAM_SHOP,BAKERY,0,0,6,100380.67
ICE_CREAM_SHOP,BAKERY,1,0,6,85339.33
ICE_CREAM_SHOP,BAKERY,2,0,6,100266.0
ICE_CREAM_SHOP,BAKERY,3,0,6,88070.67
ICE_CREAM_SHOP,BAKERY,4,0,6,85487.67
ICE_CREAM_SHOP,BAKERY,5,0,6,85357.67
ICE_CREAM_SHOP,BAKERY,6,0,6,88093.67
ICE_CREAM_SHOP,BAKERY,7,0,6,85189.0
ICE_CREAM_SHOP,BAKERY,8,0,6,85177.0
ICE_CREAM_SHOP,BAKERY,9,0,6,92289.67
ICE_CREAM_SHOP,BAKERY,10,0,6,90716.67
ICE_CREAM_SHOP,BAKERY,11,0,6,92867.67
ICE_CREAM_SHOP,BAKERY,12,0,6,84426.0
ICE_CREAM_SHOP,BAKERY,100,0,6,100010.67
ICE_CREAM_SHOP,BAKERY,101,0,6,94744.0
ICE_CREAM_SHOP,BAKERY,103,0,6,96590.67
ICE_CREAM_SHOP,BAKERY,104,0,6,94474.33
ICE_CREAM_SHOP,BAKERY,105,1,6,100131.33
ICE_CREAM_SHOP,BAKERY,106,0,6,100131.33
ICE_CREAM_SHOP,BAKERY,107,0,6,98109.67
ICE_CREAM_SHOP,BAKERY,108,0,6,100024.0
ICE_CREAM_SHOP,BAKERY,109,0,6,87744.0
ICE_CREAM_SHOP,BAKERY,110,0,6,98574.33
ICE_CREAM_SHOP,BAKERY,111,0,6,94323.33
ICE_CREAM_SHOP,BAKERY,112,0,6,94860.33
ICE_CREAM_SHOP,BAKERY,113,0,6,94921.67
ICE_CREAM_SHOP,BAKERY,114,0,6,94718.67
ICE_CREAM_SHOP,BAKERY,115,0,6,95599.0
ICE_CREAM_SHOP,BAKERY,116,0,6,94744.0
ICE_CREAM_SHOP,BAKERY,117,0,6,92535.33
ICE_CREAM_SHOP,BAKERY,118,0,6,93514.33
ICE_CREAM_SHOP,BAKERY,119,0,6,94744.0
ICE_CREAM_SHOP,BAKERY,120,0,6,100596.0
ICE_CREAM_SHOP,BAKERY,121,0,6,99608.33
ICE_CREAM_SHOP,BAKERY,122,0,6,100024.0
ICE_CREAM_SHOP,BAKERY,123,0,6,97248.33
ICE_CREAM_SHOP,BAKERY,124,0,6,100364.33
ICE_CREAM_SHOP,BAKERY,125,0,6,100131.33
ICE_CREAM_SHOP,BAKERY,126,0,6,89795.0
ICE_CREAM_SHOP,BAKERY,127,0,6,87744.0
ICE_CREAM_SHOP,BAKERY,128,0,6,87879.33
PET_CAFE,FARMERS_MARKET,0,0,7,112083.14
PET_CAFE,FARMERS_MARKET,1,0,7,109582.0
PET_CAFE,FARMERS_MARKET,2,0,7,111865.43
PET_CAFE,FARMERS_MARKET,3,0,7,110074.86
PET_CAFE,FARMERS_MARKET,4,0,7,109635.71
PET_CAFE,FARMERS_MARKET,5,0,7,108300.43
PET_CAFE,FARMERS_MARKET,6,0,7,110017.29
PET_CAFE,FARMERS_MARKET,7,0,7,110053.0
PET_CAFE,FARMERS_MARKET,8,0,7,110042.43
PET_CAFE,FARMERS_MARKET,9,0,7,106112.43
PET_CAFE,FARMERS_MARKET,10,0,7,109394.14
PET_CAFE,FARMERS_MARKET,11,0,7,110024.0
PET_CAFE,FARMERS_MARKET,12,0,7,95343.43
PET_CAFE,FARMERS_MARKET,100,0,7,111619.43
PET_CAFE,FARMERS_MARKET,101,0,7,114457.57
PET_CAFE,FARMERS_MARKET,103,0,7,113452.14
PET_CAFE,FARMERS_MARKET,104,0,7,102255.29
PET_CAFE,FARMERS_MARKET,105,0,7,111769.86
PET_CAFE,FARMERS_MARKET,106,0,7,111769.86
PET_CAFE,FARMERS_MARKET,107,0,7,111788.0
PET_CAFE,FARMERS_MARKET,108,0,7,99126.0
PET_CAFE,FARMERS_MARKET,109,0,7,105199.86
PET_CAFE,FARMERS_MARKET,110,0,7,108084.71
PET_CAFE,FARMERS_MARKET,111,0,7,112522.29
PET_CAFE,FARMERS_MARKET,112,1,7,113947.14
PET_CAFE,FARMERS_MARKET,113,0,7,114602.0
PET_CAFE,FARMERS_MARKET,114,0,7,112414.57
PET_CAFE,FARMERS_MARKET,115,0,7,109380.14
PET_CAFE,FARMERS_MARKET,116,0,7,114457.57
PET_CAFE,FARMERS_MARKET,117,0,7,113516.71
PET_CAFE,FARMERS_MARKET,118,0,7,116142.14
PET_CAFE,FARMERS_MARKET,119,0,7,114457.57
PET_CAFE,FARMERS_MARKET,120,0,7,111688.57
PET_CAFE,FARMERS_MARKET,121,0,7,111519.14
PET_CAFE,FARMERS_MARKET,122,0,7,99126.0
PET_CAFE,FARMERS_MARKET,123,0,7,111284.0
PET_CAFE,FARMERS_MARKET,124,0,7,100132.0
PET_CAFE,FARMERS_MARKET,125,0,7,111769.86
PET_CAFE,FARMERS_MARKET,126,0,7,109600.57
PET_CAFE,FARMERS_MARKET,127,0,7,105199.86
PET_CAFE,FARMERS_MARKET,128,0,7,105024.57
PET_CAFE,PIZZA_SHOP,0,0,7,88775.14
PET_CAFE,PIZZA_SHOP,1,0,7,81486.86
PET_CAFE,PIZZA_SHOP,2,0,7,88495.71
PET_CAFE,PIZZA_SHOP,3,0,7,82577.43
PET_CAFE,PIZZA_SHOP,4,0,7,81439.29
PET_CAFE,PIZZA_SHOP,5,0,7,81660.0
PET_CAFE,PIZZA_SHOP,6,0,7,82604.43
PET_CAFE,PIZZA_SHOP,7,0,7,81530.0
PET_CAFE,PIZZA_SHOP,8,0,7,81536.0
PET_CAFE,PIZZA_SHOP,9,0,7,79810.71
PET_CAFE,PIZZA_SHOP,10,0,7,96520.57
PET_CAFE,PIZZA_SHOP,11,0,7,82456.57
PET_CAFE,PIZZA_SHOP,12,0,7,79912.29
PET_CAFE,PIZZA_SHOP,100,0,7,88241.57
PET_CAFE,PIZZA_SHOP,101,0,7,86851.57
PET_CAFE,PIZZA_SHOP,103,0,7,87401.71
PET_CAFE,PIZZA_SHOP,104,0,7,86625.43
PET_CAFE,PIZZA_SHOP,105,0,7,88454.57
PET_CAFE,PIZZA_SHOP,106,0,7,88454.57
PET_CAFE,PIZZA_SHOP,107,1,7,88457.57
PET_CAFE,PIZZA_SHOP,108,0,7,88291.43
PET_CAFE,PIZZA_SHOP,109,0,7,82621.71
PET_CAFE,PIZZA_SHOP,110,0,7,92894.71
PET_CAFE,PIZZA_SHOP,111,0,7,86817.43
PET_CAFE,PIZZA_SHOP,112,0,7,86892.86
PET_CAFE,PIZZA_SHOP,113,0,7,86963.14
PET_CAFE,PIZZA_SHOP,114,0,7,85824.14
PET_CAFE,PIZZA_SHOP,115,0,7,89979.86
PET_CAFE,PIZZA_SHOP,116,0,7,86851.57
PET_CAFE,PIZZA_SHOP,117,0,7,86179.86
PET_CAFE,PIZZA_SHOP,118,0,7,86915.71
PET_CAFE,PIZZA_SHOP,119,0,7,86851.57
PET_CAFE,PIZZA_SHOP,120,0,7,88702.71
PET_CAFE,PIZZA_SHOP,121,0,7,88170.0
PET_CAFE,PIZZA_SHOP,122,0,7,88291.43
PET_CAFE,PIZZA_SHOP,123,0,7,90163.71
PET_CAFE,PIZZA_SHOP,124,0,7,88977.14
PET_CAFE,PIZZA_SHOP,125,0,7,88454.57
PET_CAFE,PIZZA_SHOP,126,0,7,80660.0
PET_CAFE,PIZZA_SHOP,127,0,7,82621.71
PET_CAFE,PIZZA_SHOP,128,0,7,82733.43
PET_CAFE,YARN_STORE,0,0,7,66738.43
PET_CAFE,YARN_STORE,1,0,7,79477.86
PET_CAFE,YARN_STORE,2,0,7,66665.86
PET_CAFE,YARN_STORE,3,0,7,81885.57
PET_CAFE,YARN_STORE,4,0,7,78822.0
PET_CAFE,YARN_STORE,5,0,7,79318.86
PET_CAFE,YARN_STORE,6,0,7,82805.29
PET_CAFE,YARN_STORE,7,0,7,82848.57
PET_CAFE,YARN_STORE,8,0,7,82823.71
PET_CAFE,YARN_STORE,9,0,7,77073.57
PET_CAFE,YARN_STORE,10,0,7,88327.14
PET_CAFE,YARN_STORE,11,1,7,83196.57
PET_CAFE,YARN_STORE,12,0,7,99573.29
PET_CAFE,YARN_STORE,100,0,7,67335.0
PET_CAFE,YARN_STORE,101,0,7,70546.0
PET_CAFE,YARN_STORE,103,0,7,70919.86
PET_CAFE,YARN_STORE,104,0,7,70583.14
PET_CAFE,YARN_STORE,105,0,7,66887.14
PET_CAFE,YARN_STORE,106,0,7,66887.14
PET_CAFE,YARN_STORE,107,0,7,64301.14
PET_CAFE,YARN_STORE,108,0,7,67248.29
PET_CAFE,YARN_STORE,109,0,7,81118.86
PET_CAFE,YARN_STORE,110,0,7,59286.0
PET_CAFE,YARN_STORE,111,0,7,64915.71
PET_CAFE,YARN_STORE,112,0,7,70778.86
PET_CAFE,YARN_STORE,113,0,7,70596.14
PET_CAFE,YARN_STORE,114,0,7,73383.43
PET_CAFE,YARN_STORE,115,0,7,74599.29
PET_CAFE,YARN_STORE,116,0,7,70546.0
PET_CAFE,YARN_STORE,117,0,7,62064.29
PET_CAFE,YARN_STORE,118,0,7,69032.29
PET_CAFE,YARN_STORE,119,0,7,70546.0
PET_CAFE,YARN_STORE,120,0,7,67242.57
PET_CAFE,YARN_STORE,121,0,7,66216.29
PET_CAFE,YARN_STORE,122,0,7,67248.29
PET_CAFE,YARN_STORE,123,0,7,59063.29
PET_CAFE,YARN_STORE,124,0,7,67501.14
PET_CAFE,YARN_STORE,125,0,7,66887.14
PET_CAFE,YARN_STORE,126,0,7,80703.86
PET_CAFE,YARN_STORE,127,0,7,81118.86
PET_CAFE,YARN_STORE,128,0,7,81371.86
PIZZA_SHOP,ICE_CREAM_SHOP,0,0,10,93686.4
PIZZA_SHOP,ICE_CREAM_SHOP,1,0,10,89782.3
PIZZA_SHOP,ICE_CREAM_SHOP,2,0,10,93680.2
PIZZA_SHOP,ICE_CREAM_SHOP,3,0,10,94406.5
PIZZA_SHOP,ICE_CREAM_SHOP,4,0,10,90554.1
PIZZA_SHOP,ICE_CREAM_SHOP,5,0,10,89745.5
PIZZA_SHOP,ICE_CREAM_SHOP,6,0,10,94333.7
PIZZA_SHOP,ICE_CREAM_SHOP,7,0,10,89992.5
PIZZA_SHOP,ICE_CREAM_SHOP,8,0,10,90381.3
PIZZA_SHOP,ICE_CREAM_SHOP,9,0,10,83216.4
PIZZA_SHOP,ICE_CREAM_SHOP,10,0,10,91110.1
PIZZA_SHOP,ICE_CREAM_SHOP,11,0,10,94075.9
PIZZA_SHOP,ICE_CREAM_SHOP,12,0,10,76885.5
PIZZA_SHOP,ICE_CREAM_SHOP,100,0,10,93113.1
PIZZA_SHOP,ICE_CREAM_SHOP,101,0,10,83317.9
PIZZA_SHOP,ICE_CREAM_SHOP,103,0,10,84423.7
PIZZA_SHOP,ICE_CREAM_SHOP,104,0,10,74723.7
PIZZA_SHOP,ICE_CREAM_SHOP,105,0,10,93518.4
PIZZA_SHOP,ICE_CREAM_SHOP,106,0,10,93520.0
PIZZA_SHOP,ICE_CREAM_SHOP,107,0,10,94163.8
PIZZA_SHOP,ICE_CREAM_SHOP,108,0,10,84610.4
PIZZA_SHOP,ICE_CREAM_SHOP,109,0,10,93613.9
PIZZA_SHOP,ICE_CREAM_SHOP,110,0,10,88278.0
PIZZA_SHOP,ICE_CREAM_SHOP,111,0,10,82694.2
PIZZA_SHOP,ICE_CREAM_SHOP,112,0,10,83881.6
PIZZA_SHOP,ICE_CREAM_SHOP,113,0,10,83517.3
PIZZA_SHOP,ICE_CREAM_SHOP,114,0,10,87741.8
PIZZA_SHOP,ICE_CREAM_SHOP,115,0,10,92385.2
PIZZA_SHOP,ICE_CREAM_SHOP,116,0,10,83317.9
PIZZA_SHOP,ICE_CREAM_SHOP,117,0,10,79551.4
PIZZA_SHOP,ICE_CREAM_SHOP,118,0,10,81617.2
PIZZA_SHOP,ICE_CREAM_SHOP,119,0,10,83317.9
PIZZA_SHOP,ICE_CREAM_SHOP,120,1,10,93407.4
PIZZA_SHOP,ICE_CREAM_SHOP,121,0,10,92628.6
PIZZA_SHOP,ICE_CREAM_SHOP,122,0,10,84610.4
PIZZA_SHOP,ICE_CREAM_SHOP,123,0,10,94376.6
PIZZA_SHOP,ICE_CREAM_SHOP,124,0,10,85733.9
PIZZA_SHOP,ICE_CREAM_SHOP,125,0,10,93518.4
PIZZA_SHOP,ICE_CREAM_SHOP,126,0,10,96818.0
PIZZA_SHOP,ICE_CREAM_SHOP,127,0,10,93613.9
PIZZA_SHOP,ICE_CREAM_SHOP,128,0,10,93882.9
PIZZA_SHOP,SMOOTHIE_SHOP,0,0,6,70872.67
PIZZA_SHOP,SMOOTHIE_SHOP,1,0,6,52072.0
PIZZA_SHOP,SMOOTHIE_SHOP,2,0,6,71042.0
PIZZA_SHOP,SMOOTHIE_SHOP,3,0,6,56375.33
PIZZA_SHOP,SMOOTHIE_SHOP,4,0,6,52235.0
PIZZA_SHOP,SMOOTHIE_SHOP,5,0,6,52037.67
PIZZA_SHOP,SMOOTHIE_SHOP,6,0,6,56317.67
PIZZA_SHOP,SMOOTHIE_SHOP,7,0,6,52287.33
PIZZA_SHOP,SMOOTHIE_SHOP,8,0,6,52280.33
PIZZA_SHOP,SMOOTHIE_SHOP,9,0,6,52033.67
PIZZA_SHOP,SMOOTHIE_SHOP,10,0,6,60215.67
PIZZA_SHOP,SMOOTHIE_SHOP,11,0,6,56061.67
PIZZA_SHOP,SMOOTHIE_SHOP,12,0,6,21574.5
PIZZA_SHOP,SMOOTHIE_SHOP,100,0,6,70643.0
PIZZA_SHOP,SMOOTHIE_SHOP,101,0,6,60412.0
PIZZA_SHOP,SMOOTHIE_SHOP,103,0,6,61176.33
PIZZA_SHOP,SMOOTHIE_SHOP,104,0,6,52417.67
PIZZA_SHOP,SMOOTHIE_SHOP,105,0,6,69875.0
PIZZA_SHOP,SMOOTHIE_SHOP,106,0,6,69875.0
PIZZA_SHOP,SMOOTHIE_SHOP,107,0,6,69889.0
PIZZA_SHOP,SMOOTHIE_SHOP,108,0,6,60914.33
PIZZA_SHOP,SMOOTHIE_SHOP,109,0,6,54469.0
PIZZA_SHOP,SMOOTHIE_SHOP,110,0,6,65519.0
PIZZA_SHOP,SMOOTHIE_SHOP,111,0,6,60955.0
PIZZA_SHOP,SMOOTHIE_SHOP,112,0,6,61370.0
PIZZA_SHOP,SMOOTHIE_SHOP,113,0,6,60531.0
PIZZA_SHOP,SMOOTHIE_SHOP,114,0,6,62842.33
PIZZA_SHOP,SMOOTHIE_SHOP,115,0,6,64884.0
PIZZA_SHOP,SMOOTHIE_SHOP,116,0,6,60412.0
PIZZA_SHOP,SMOOTHIE_SHOP,117,0,6,57480.0
PIZZA_SHOP,SMOOTHIE_SHOP,118,0,6,59605.33
PIZZA_SHOP,SMOOTHIE_SHOP,119,0,6,60412.0
PIZZA_SHOP,SMOOTHIE_SHOP,120,0,6,69206.33
PIZZA_SHOP,SMOOTHIE_SHOP,121,0,6,69073.33
PIZZA_SHOP,SMOOTHIE_SHOP,122,0,6,60914.33
PIZZA_SHOP,SMOOTHIE_SHOP,123,0,6,70000.0
PIZZA_SHOP,SMOOTHIE_SHOP,124,1,6,62168.67
PIZZA_SHOP,SMOOTHIE_SHOP,125,0,6,69875.0
PIZZA_SHOP,SMOOTHIE_SHOP,126,0,6,57761.0
PIZZA_SHOP,SMOOTHIE_SHOP,127,0,6,54469.0
PIZZA_SHOP,SMOOTHIE_SHOP,128,0,6,54570.0
PIZZA_SHOP,YARN_STORE,0,0,8,39943.25
PIZZA_SHOP,YARN_STORE,1,0,8,36008.25
PIZZA_SHOP,YARN_STORE,2,0,8,40149.25
PIZZA_SHOP,YARN_STORE,3,0,8,38063.62
PIZZA_SHOP,YARN_STORE,4,0,8,36085.0
PIZZA_SHOP,YARN_STORE,5,0,8,35864.25
PIZZA_SHOP,YARN_STORE,6,0,8,38048.62
PIZZA_SHOP,YARN_STORE,7,0,8,38095.88
PIZZA_SHOP,YARN_STORE,8,0,8,38062.12
PIZZA_SHOP,YARN_STORE,9,0,8,37592.38
PIZZA_SHOP,YARN_STORE,10,0,8,42285.88
PIZZA_SHOP,YARN_STORE,11,0,8,37790.12
PIZZA_SHOP,YARN_STORE,12,0,8,37728.62
PIZZA_SHOP,YARN_STORE,100,0,8,39657.75
PIZZA_SHOP,YARN_STORE,101,0,8,27667.25
PIZZA_SHOP,YARN_STORE,103,0,8,29533.88
PIZZA_SHOP,YARN_STORE,104,0,8,16375.38
PIZZA_SHOP,YARN_STORE,105,0,8,36942.5
PIZZA_SHOP,YARN_STORE,106,0,8,36936.25
PIZZA_SHOP,YARN_STORE,107,0,8,36973.75
PIZZA_SHOP,YARN_STORE,108,0,8,25622.25
PIZZA_SHOP,YARN_STORE,109,0,8,36579.0
PIZZA_SHOP,YARN_STORE,110,0,8,29008.0
PIZZA_SHOP,YARN_STORE,111,0,8,22484.0
PIZZA_SHOP,YARN_STORE,112,0,8,27923.88
PIZZA_SHOP,YARN_STORE,113,0,8,27789.38
PIZZA_SHOP,YARN_STORE,114,0,8,38879.75
PIZZA_SHOP,YARN_STORE,115,0,8,45493.5
PIZZA_SHOP,YARN_STORE,116,0,8,27667.25
PIZZA_SHOP,YARN_STORE,117,0,8,21387.75
PIZZA_SHOP,YARN_STORE,118,0,8,25170.75
PIZZA_SHOP,YARN_STORE,119,0,8,27667.25
PIZZA_SHOP,YARN_STORE,120,0,8,36704.75
PIZZA_SHOP,YARN_STORE,121,0,8,36190.25
PIZZA_SHOP,YARN_STORE,122,0,8,25622.25
PIZZA_SHOP,YARN_STORE,123,0,8,36064.0
PIZZA_SHOP,YARN_STORE,124,0,8,25627.12
PIZZA_SHOP,YARN_STORE,125,0,8,36942.5
PIZZA_SHOP,YARN_STORE,126,0,8,39542.75
PIZZA_SHOP,YARN_STORE,127,0,8,36579.0
PIZZA_SHOP,YARN_STORE,128,1,8,36787.0
SMOOTHIE_SHOP,ICE_CREAM_SHOP,0,0,6,43472.0
SMOOTHIE_SHOP,ICE_CREAM_SHOP,1,0,6,31886.33
SMOOTHIE_SHOP,ICE_CREAM_SHOP,2,0,6,43219.67
SMOOTHIE_SHOP,ICE_CREAM_SHOP,3,0,6,36692.67
SMOOTHIE_SHOP,ICE_CREAM_SHOP,4,0,6,31968.33
SMOOTHIE_SHOP,ICE_CREAM_SHOP,5,0,6,31836.67
SMOOTHIE_SHOP,ICE_CREAM_SHOP,6,0,6,36628.67
SMOOTHIE_SHOP,ICE_CREAM_SHOP,7,0,6,31897.0
SMOOTHIE_SHOP,ICE_CREAM_SHOP,8,0,6,31871.67
SMOOTHIE_SHOP,ICE_CREAM_SHOP,9,0,6,29011.0
SMOOTHIE_SHOP,ICE_CREAM_SHOP,10,0,6,37981.0
SMOOTHIE_SHOP,ICE_CREAM_SHOP,11,0,6,36349.33
SMOOTHIE_SHOP,ICE_CREAM_SHOP,12,0,6,-8197.0
SMOOTHIE_SHOP,ICE_CREAM_SHOP,100,0,6,43239.0
SMOOTHIE_SHOP,ICE_CREAM_SHOP,101,0,6,33474.0
SMOOTHIE_SHOP,ICE_CREAM_SHOP,103,0,6,34043.0
SMOOTHIE_SHOP,ICE_CREAM_SHOP,104,0,6,33703.0
SMOOTHIE_SHOP,ICE_CREAM_SHOP,105,1,6,44507.33
SMOOTHIE_SHOP,ICE_CREAM_SHOP,106,0,6,44507.33
SMOOTHIE_SHOP,ICE_CREAM_SHOP,107,0,6,44524.33
SMOOTHIE_SHOP,ICE_CREAM_SHOP,108,0,6,44690.33
SMOOTHIE_SHOP,ICE_CREAM_SHOP,109,0,6,37401.67
SMOOTHIE_SHOP,ICE_CREAM_SHOP,110,0,6,37948.33
SMOOTHIE_SHOP,ICE_CREAM_SHOP,111,0,6,31095.0
SMOOTHIE_SHOP,ICE_CREAM_SHOP,112,0,6,33886.0
SMOOTHIE_SHOP,ICE_CREAM_SHOP,113,0,6,33619.33
SMOOTHIE_SHOP,ICE_CREAM_SHOP,114,0,6,41545.0
SMOOTHIE_SHOP,ICE_CREAM_SHOP,115,0,6,47206.33
SMOOTHIE_SHOP,ICE_CREAM_SHOP,116,0,6,33474.0
SMOOTHIE_SHOP,ICE_CREAM_SHOP,117,0,6,27182.33
SMOOTHIE_SHOP,ICE_CREAM_SHOP,118,0,6,31074.67
SMOOTHIE_SHOP,ICE_CREAM_SHOP,119,0,6,33474.0
SMOOTHIE_SHOP,ICE_CREAM_SHOP,120,0,6,43887.0
SMOOTHIE_SHOP,ICE_CREAM_SHOP,121,0,6,43486.0
SMOOTHIE_SHOP,ICE_CREAM_SHOP,122,0,6,44690.33
SMOOTHIE_SHOP,ICE_CREAM_SHOP,123,0,6,44267.67
SMOOTHIE_SHOP,ICE_CREAM_SHOP,124,0,6,45677.67
SMOOTHIE_SHOP,ICE_CREAM_SHOP,125,0,6,44507.33
SMOOTHIE_SHOP,ICE_CREAM_SHOP,126,0,6,39232.33
SMOOTHIE_SHOP,ICE_CREAM_SHOP,127,0,6,37401.67
SMOOTHIE_SHOP,ICE_CREAM_SHOP,128,0,6,37517.67
YARN_STORE,BRUNCH_SPOT,0,0,8,110560.5
YARN_STORE,BRUNCH_SPOT,1,0,8,132123.62
YARN_STORE,BRUNCH_SPOT,2,0,8,110592.5
YARN_STORE,BRUNCH_SPOT,3,0,8,135769.75
YARN_STORE,BRUNCH_SPOT,4,0,8,134812.12
YARN_STORE,BRUNCH_SPOT,5,0,8,132039.0
YARN_STORE,BRUNCH_SPOT,6,0,8,135775.12
YARN_STORE,BRUNCH_SPOT,7,0,8,135809.62
YARN_STORE,BRUNCH_SPOT,8,0,8,137435.5
YARN_STORE,BRUNCH_SPOT,9,0,8,120503.88
YARN_STORE,BRUNCH_SPOT,10,0,8,125693.0
YARN_STORE,BRUNCH_SPOT,11,1,8,126652.12
YARN_STORE,BRUNCH_SPOT,12,0,8,118583.88
YARN_STORE,BRUNCH_SPOT,100,0,8,110216.75
YARN_STORE,BRUNCH_SPOT,101,0,8,108372.38
YARN_STORE,BRUNCH_SPOT,103,0,8,111689.88
YARN_STORE,BRUNCH_SPOT,104,0,8,107723.25
YARN_STORE,BRUNCH_SPOT,105,0,8,106407.0
YARN_STORE,BRUNCH_SPOT,106,0,8,106406.0
YARN_STORE,BRUNCH_SPOT,107,0,8,108409.25
YARN_STORE,BRUNCH_SPOT,108,0,8,107261.38
YARN_STORE,BRUNCH_SPOT,109,0,8,129564.75
YARN_STORE,BRUNCH_SPOT,110,0,8,107057.25
YARN_STORE,BRUNCH_SPOT,111,0,8,93432.5
YARN_STORE,BRUNCH_SPOT,112,0,8,108890.75
YARN_STORE,BRUNCH_SPOT,113,0,8,110100.25
YARN_STORE,BRUNCH_SPOT,114,0,8,113718.88
YARN_STORE,BRUNCH_SPOT,115,0,8,116382.12
YARN_STORE,BRUNCH_SPOT,116,0,8,108372.38
YARN_STORE,BRUNCH_SPOT,117,0,8,104026.75
YARN_STORE,BRUNCH_SPOT,118,0,8,105636.62
YARN_STORE,BRUNCH_SPOT,119,0,8,108372.38
YARN_STORE,BRUNCH_SPOT,120,0,8,106804.0
YARN_STORE,BRUNCH_SPOT,121,0,8,105748.12
YARN_STORE,BRUNCH_SPOT,122,0,8,107261.38
YARN_STORE,BRUNCH_SPOT,123,0,8,103882.0
YARN_STORE,BRUNCH_SPOT,124,0,8,108037.75
YARN_STORE,BRUNCH_SPOT,125,0,8,106407.0
YARN_STORE,BRUNCH_SPOT,126,0,8,133578.0
YARN_STORE,BRUNCH_SPOT,127,0,8,129564.75
YARN_STORE,BRUNCH_SPOT,128,0,8,129773.0
YARN_STORE,ICE_CREAM_SHOP,0,0,6,43437.67
YARN_STORE,ICE_CREAM_SHOP,1,0,6,50963.0
YARN_STORE,ICE_CREAM_SHOP,2,0,6,44744.0
YARN_STORE,ICE_CREAM_SHOP,3,0,6,53940.67
YARN_STORE,ICE_CREAM_SHOP,4,0,6,51027.33
YARN_STORE,ICE_CREAM_SHOP,5,0,6,50998.67
YARN_STORE,ICE_CREAM_SHOP,6,0,6,53985.33
YARN_STORE,ICE_CREAM_SHOP,7,0,6,54022.33
YARN_STORE,ICE_CREAM_SHOP,8,0,6,53992.67
YARN_STORE,ICE_CREAM_SHOP,9,1,6,45623.0
YARN_STORE,ICE_CREAM_SHOP,10,0,6,51430.83
YARN_STORE,ICE_CREAM_SHOP,11,0,6,52994.33
YARN_STORE,ICE_CREAM_SHOP,12,0,6,47267.83
YARN_STORE,ICE_CREAM_SHOP,100,0,6,43439.67
YARN_STORE,ICE_CREAM_SHOP,101,0,6,42429.0
YARN_STORE,ICE_CREAM_SHOP,103,0,6,44107.0
YARN_STORE,ICE_CREAM_SHOP,104,0,6,40138.0
YARN_STORE,ICE_CREAM_SHOP,105,0,6,44564.33
YARN_STORE,ICE_CREAM_SHOP,106,0,6,44563.33
YARN_STORE,ICE_CREAM_SHOP,107,0,6,44590.0
YARN_STORE,ICE_CREAM_SHOP,108,0,6,42338.33
YARN_STORE,ICE_CREAM_SHOP,109,0,6,53542.33
YARN_STORE,ICE_CREAM_SHOP,110,0,6,37701.33
YARN_STORE,ICE_CREAM_SHOP,111,0,6,39441.0
YARN_STORE,ICE_CREAM_SHOP,112,0,6,43023.0
YARN_STORE,ICE_CREAM_SHOP,113,0,6,42472.33
YARN_STORE,ICE_CREAM_SHOP,114,0,6,46845.0
YARN_STORE,ICE_CREAM_SHOP,115,0,6,49524.67
YARN_STORE,ICE_CREAM_SHOP,116,0,6,42429.0
YARN_STORE,ICE_CREAM_SHOP,117,0,6,33355.33
YARN_STORE,ICE_CREAM_SHOP,118,0,6,40826.0
YARN_STORE,ICE_CREAM_SHOP,119,0,6,42429.0
YARN_STORE,ICE_CREAM_SHOP,120,0,6,45171.33
YARN_STORE,ICE_CREAM_SHOP,121,0,6,43663.33
YARN_STORE,ICE_CREAM_SHOP,122,0,6,42338.33
YARN_STORE,ICE_CREAM_SHOP,123,0,6,41546.67
YARN_STORE,ICE_CREAM_SHOP,124,0,6,42718.0
YARN_STORE,ICE_CREAM_SHOP,125,0,6,44564.33
YARN_STORE,ICE_CREAM_SHOP,126,0,6,52240.67
YARN_STORE,ICE_CREAM_SHOP,127,0,6,53542.33
YARN_STORE,ICE_CREAM_SHOP,128,0,6,53756.33
YARN_STORE,PET_CAFE,0,0,5,105380.4
YARN_STORE,PET_CAFE,1,0,5,118974.0
YARN_STORE,PET_CAFE,2,0,5,105591.0
YARN_STORE,PET_CAFE,3,0,5,122940.0
YARN_STORE,PET_CAFE,4,0,5,118966.8
YARN_STORE,PET_CAFE,5,0,5,118253.4
YARN_STORE,PET_CAFE,6,0,5,122794.8
YARN_STORE,PET_CAFE,7,0,5,122828.8
YARN_STORE,PET_CAFE,8,0,5,122818.8
YARN_STORE,PET_CAFE,9,0,5,123896.2
YARN_STORE,PET_CAFE,10,0,5,125924.4
YARN_STORE,PET_CAFE,11,1,5,122750.0
YARN_STORE,PET_CAFE,12,0,5,129810.8
YARN_STORE,PET_CAFE,100,0,5,104962.0
YARN_STORE,PET_CAFE,101,0,5,100880.2
YARN_STORE,PET_CAFE,103,0,5,103628.2
YARN_STORE,PET_CAFE,104,0,5,101025.2
YARN_STORE,PET_CAFE,105,0,5,101260.0
YARN_STORE,PET_CAFE,106,0,5,101259.0
YARN_STORE,PET_CAFE,107,0,5,101262.6
YARN_STORE,PET_CAFE,108,0,5,101881.2
YARN_STORE,PET_CAFE,109,0,5,117768.8
YARN_STORE,PET_CAFE,110,0,5,95448.0
YARN_STORE,PET_CAFE,111,0,5,90562.4
YARN_STORE,PET_CAFE,112,0,5,101570.6
YARN_STORE,PET_CAFE,113,0,5,101035.6
YARN_STORE,PET_CAFE,114,0,5,108975.2
YARN_STORE,PET_CAFE,115,0,5,112228.8
YARN_STORE,PET_CAFE,116,0,5,100880.2
YARN_STORE,PET_CAFE,117,0,5,95838.8
YARN_STORE,PET_CAFE,118,0,5,99561.8
YARN_STORE,PET_CAFE,119,0,5,100880.2
YARN_STORE,PET_CAFE,120,0,5,101603.6
YARN_STORE,PET_CAFE,121,0,5,100538.2
YARN_STORE,PET_CAFE,122,0,5,101881.2
YARN_STORE,PET_CAFE,123,0,5,97251.4
YARN_STORE,PET_CAFE,124,0,5,101881.2
YARN_STORE,PET_CAFE,125,0,5,101260.0
YARN_STORE,PET_CAFE,126,0,5,119779.4
YARN_STORE,PET_CAFE,127,0,5,117768.8
YARN_STORE,PET_CAFE,128,0,5,117812.8
YARN_STORE,PIZZA_SHOP,0,0,9,99851.33
YARN_STORE,PIZZA_SHOP,1,0,9,103991.33
YARN_STORE,PIZZA_SHOP,2,0,9,100117.78
YARN_STORE,PIZZA_SHOP,3,0,9,106241.22
YARN_STORE,PIZZA_SHOP,4,0,9,102772.22
YARN_STORE,PIZZA_SHOP,5,0,9,103597.33
YARN_STORE,PIZZA_SHOP,6,1,9,106126.22
YARN_STORE,PIZZA_SHOP,7,0,9,106161.11
YARN_STORE,PIZZA_SHOP,8,0,9,106143.56
YARN_STORE,PIZZA_SHOP,9,0,9,108138.44
YARN_STORE,PIZZA_SHOP,10,0,9,104599.33
YARN_STORE,PIZZA_SHOP,11,0,9,105933.11
YARN_STORE,PIZZA_SHOP,12,0,9,102954.0
YARN_STORE,PIZZA_SHOP,100,0,9,99376.78
YARN_STORE,PIZZA_SHOP,101,0,9,91966.11
YARN_STORE,PIZZA_SHOP,103,0,9,93724.78
YARN_STORE,PIZZA_SHOP,104,0,9,87036.89
YARN_STORE,PIZZA_SHOP,105,0,9,99588.0
YARN_STORE,PIZZA_SHOP,106,0,9,99587.0
YARN_STORE,PIZZA_SHOP,107,0,9,99596.89
YARN_STORE,PIZZA_SHOP,108,0,9,94465.11
YARN_STORE,PIZZA_SHOP,109,0,9,105498.33
YARN_STORE,PIZZA_SHOP,110,0,9,89582.67
YARN_STORE,PIZZA_SHOP,111,0,9,89503.67
YARN_STORE,PIZZA_SHOP,112,0,9,93163.67
YARN_STORE,PIZZA_SHOP,113,0,9,92131.33
YARN_STORE,PIZZA_SHOP,114,0,9,101503.11
YARN_STORE,PIZZA_SHOP,115,0,9,107260.22
YARN_STORE,PIZZA_SHOP,116,0,9,91966.11
YARN_STORE,PIZZA_SHOP,117,0,9,82563.0
YARN_STORE,PIZZA_SHOP,118,0,9,90312.33
YARN_STORE,PIZZA_SHOP,119,0,9,91966.11
YARN_STORE,PIZZA_SHOP,120,0,9,99569.0
YARN_STORE,PIZZA_SHOP,121,0,9,98955.44
YARN_STORE,PIZZA_SHOP,122,0,9,94465.11
YARN_STORE,PIZZA_SHOP,123,0,9,99113.11
YARN_STORE,PIZZA_SHOP,124,0,9,95142.11
YARN_STORE,PIZZA_SHOP,125,0,9,99588.0
YARN_STORE,PIZZA_SHOP,126,0,9,105685.78
YARN_STORE,PIZZA_SHOP,127,0,9,105498.33
YARN_STORE,PIZZA_SHOP,128,0,9,105623.56
