replay,seed,swap,shop1,shop2,me_cash,opp_cash,error
/Users/eakin/Projects/ergousha/kaggriculture/logs/_v052_refit/opp_episode-89994736-replay.py,0,0,BAKERY,BAKERY,107919.0,10113.0,
/Users/eakin/Projects/ergousha/kaggriculture/logs/_v052_refit/opp_episode-89994736-replay.py,0,1,BAKERY,BAKERY,120427.0,9825.0,
/Users/eakin/Projects/ergousha/kaggriculture/logs/_v052_refit/opp_episode-109179342-replay.py,11437468,0,PIZZA_SHOP,BAKERY,107654.0,88819.0,
/Users/eakin/Projects/ergousha/kaggriculture/logs/_v052_refit/opp_episode-109179342-replay.py,11437468,1,PIZZA_SHOP,BAKERY,107654.0,88819.0,
/Users/eakin/Projects/ergousha/kaggriculture/logs/_v052_refit/opp_episode-89996548-replay.py,17100665,0,ICE_CREAM_SHOP,PET_CAFE,181899.0,20863.0,
/Users/eakin/Projects/ergousha/kaggriculture/logs/_v052_refit/opp_episode-89996548-replay.py,17100665,1,ICE_CREAM_SHOP,PET_CAFE,169825.0,22475.0,
/Users/eakin/Projects/ergousha/kaggriculture/logs/_v052_refit/opp_episode-90096685-replay.py,60165791,0,BRUNCH_SPOT,PIZZA_SHOP,152726.0,13727.0,
/Users/eakin/Projects/ergousha/kaggriculture/logs/_v052_refit/opp_episode-90096685-replay.py,60165791,1,BRUNCH_SPOT,PIZZA_SHOP,152726.0,13727.0,
/Users/eakin/Projects/ergousha/kaggriculture/logs/_v052_refit/opp_episode-90144551-replay.py,70173113,0,ICE_CREAM_SHOP,BAKERY,170197.0,22303.0,
/Users/eakin/Projects/ergousha/kaggriculture/logs/_v052_refit/opp_episode-90144551-replay.py,70173113,1,ICE_CREAM_SHOP,BAKERY,170197.0,22303.0,
/Users/eakin/Projects/ergousha/kaggriculture/logs/_v052_refit/opp_episode-90001149-replay.py,72884221,0,PIZZA_SHOP,ICE_CREAM_SHOP,179016.0,29965.0,
/Users/eakin/Projects/ergousha/kaggriculture/logs/_v052_refit/opp_episode-90001149-replay.py,72884221,1,PIZZA_SHOP,ICE_CREAM_SHOP,179016.0,29965.0,
/Users/eakin/Projects/ergousha/kaggriculture/logs/_v052_refit/opp_episode-90164494-replay.py,90928508,0,BRUNCH_SPOT,YARN_STORE,156885.0,29701.0,
/Users/eakin/Projects/ergousha/kaggriculture/logs/_v052_refit/opp_episode-90164494-replay.py,90928508,1,BRUNCH_SPOT,YARN_STORE,156885.0,29701.0,
/Users/eakin/Projects/ergousha/kaggriculture/logs/_v052_refit/opp_episode-90148010-replay.py,107832701,0,YARN_STORE,PET_CAFE,128255.0,703.0,
/Users/eakin/Projects/ergousha/kaggriculture/logs/_v052_refit/opp_episode-90148010-replay.py,107832701,1,YARN_STORE,PET_CAFE,128255.0,703.0,
/Users/eakin/Projects/ergousha/kaggriculture/logs/_v052_refit/opp_episode-89997209-replay.py,168203081,0,PET_CAFE,PET_CAFE,141207.0,5880.0,
/Users/eakin/Projects/ergousha/kaggriculture/logs/_v052_refit/opp_episode-89997209-replay.py,168203081,1,FARMERS_MARKET,PIZZA_SHOP,172290.0,9137.0,
/Users/eakin/Projects/ergousha/kaggriculture/logs/_v052_refit/opp_episode-89995261-replay.py,175980993,0,BRUNCH_SPOT,YARN_STORE,167595.0,6598.0,
/Users/eakin/Projects/ergousha/kaggriculture/logs/_v052_refit/opp_episode-89995261-replay.py,175980993,1,BRUNCH_SPOT,YARN_STORE,167595.0,6598.0,
/Users/eakin/Projects/ergousha/kaggriculture/logs/_v052_refit/opp_episode-109186366-replay.py,182516644,0,FARMERS_MARKET,BAKERY,89232.0,103535.0,
/Users/eakin/Projects/ergousha/kaggriculture/logs/_v052_refit/opp_episode-109186366-replay.py,182516644,1,FARMERS_MARKET,BAKERY,89232.0,103535.0,
/Users/eakin/Projects/ergousha/kaggriculture/logs/_v052_refit/opp_episode-90006300-replay.py,184406637,0,PIZZA_SHOP,BRUNCH_SPOT,152255.0,6226.0,
/Users/eakin/Projects/ergousha/kaggriculture/logs/_v052_refit/opp_episode-90006300-replay.py,184406637,1,PIZZA_SHOP,BRUNCH_SPOT,152255.0,6226.0,
/Users/eakin/Projects/ergousha/kaggriculture/logs/_v052_refit/opp_episode-109176287-replay.py,328401296,0,FARMERS_MARKET,BRUNCH_SPOT,113025.0,96511.0,
/Users/eakin/Projects/ergousha/kaggriculture/logs/_v052_refit/opp_episode-109176287-replay.py,328401296,1,FARMERS_MARKET,BRUNCH_SPOT,113025.0,96511.0,
/Users/eakin/Projects/ergousha/kaggriculture/logs/_v052_refit/opp_episode-90055984-replay.py,347144148,0,BRUNCH_SPOT,BRUNCH_SPOT,141275.0,142.0,
/Users/eakin/Projects/ergousha/kaggriculture/logs/_v052_refit/opp_episode-90055984-replay.py,347144148,1,BRUNCH_SPOT,BRUNCH_SPOT,151637.0,96.0,
/Users/eakin/Projects/ergousha/kaggriculture/logs/_v052_refit/opp_episode-90012769-replay.py,365340802,0,FARMERS_MARKET,YARN_STORE,151045.0,21886.0,
/Users/eakin/Projects/ergousha/kaggriculture/logs/_v052_refit/opp_episode-90012769-replay.py,365340802,1,FARMERS_MARKET,YARN_STORE,151045.0,21886.0,
/Users/eakin/Projects/ergousha/kaggriculture/logs/_v052_refit/opp_episode-109186871-replay.py,369325957,0,YARN_STORE,ICE_CREAM_SHOP,92029.0,100328.0,
/Users/eakin/Projects/ergousha/kaggriculture/logs/_v052_refit/opp_episode-109186871-replay.py,369325957,1,YARN_STORE,ICE_CREAM_SHOP,92029.0,100328.0,
/Users/eakin/Projects/ergousha/kaggriculture/logs/_v052_refit/opp_episode-90103508-replay.py,371318903,0,BAKERY,SMOOTHIE_SHOP,149063.0,7892.0,
/Users/eakin/Projects/ergousha/kaggriculture/logs/_v052_refit/opp_episode-90103508-replay.py,371318903,1,PET_CAFE,FARMERS_MARKET,159519.0,9751.0,
/Users/eakin/Projects/ergousha/kaggriculture/logs/_v052_refit/opp_episode-109176211-replay.py,374374010,0,PIZZA_SHOP,YARN_STORE,150612.0,75796.0,
/Users/eakin/Projects/ergousha/kaggriculture/logs/_v052_refit/opp_episode-109176211-replay.py,374374010,1,PIZZA_SHOP,YARN_STORE,140686.0,76294.0,
/Users/eakin/Projects/ergousha/kaggriculture/logs/_v052_refit/opp_episode-90040757-replay.py,418530308,0,PET_CAFE,YARN_STORE,123248.0,10405.0,
/Users/eakin/Projects/ergousha/kaggriculture/logs/_v052_refit/opp_episode-90040757-replay.py,418530308,1,PET_CAFE,PIZZA_SHOP,146471.0,5968.0,
/Users/eakin/Projects/ergousha/kaggriculture/logs/_v052_refit/opp_episode-109178340-replay.py,456735612,0,BRUNCH_SPOT,SMOOTHIE_SHOP,117073.0,119443.0,
/Users/eakin/Projects/ergousha/kaggriculture/logs/_v052_refit/opp_episode-109178340-replay.py,456735612,1,BRUNCH_SPOT,SMOOTHIE_SHOP,117073.0,119443.0,
/Users/eakin/Projects/ergousha/kaggriculture/logs/_v052_refit/opp_episode-90006283-replay.py,457353086,0,PIZZA_SHOP,SMOOTHIE_SHOP,169060.0,16379.0,
/Users/eakin/Projects/ergousha/kaggriculture/logs/_v052_refit/opp_episode-90006283-replay.py,457353086,1,PIZZA_SHOP,SMOOTHIE_SHOP,169060.0,16379.0,
/Users/eakin/Projects/ergousha/kaggriculture/logs/_v052_refit/opp_episode-90116469-replay.py,459522385,0,PET_CAFE,FARMERS_MARKET,180063.0,17107.0,
/Users/eakin/Projects/ergousha/kaggriculture/logs/_v052_refit/opp_episode-90116469-replay.py,459522385,1,PET_CAFE,FARMERS_MARKET,180597.0,17157.0,
/Users/eakin/Projects/ergousha/kaggriculture/logs/_v052_refit/opp_episode-90040783-replay.py,464101288,0,FARMERS_MARKET,ICE_CREAM_SHOP,180539.0,7329.0,
/Users/eakin/Projects/ergousha/kaggriculture/logs/_v052_refit/opp_episode-90040783-replay.py,464101288,1,FARMERS_MARKET,ICE_CREAM_SHOP,180539.0,7329.0,
/Users/eakin/Projects/ergousha/kaggriculture/logs/_v052_refit/opp_episode-90078313-replay.py,506692781,0,FARMERS_MARKET,BRUNCH_SPOT,157872.0,25551.0,
/Users/eakin/Projects/ergousha/kaggriculture/logs/_v052_refit/opp_episode-90078313-replay.py,506692781,1,FARMERS_MARKET,BRUNCH_SPOT,157872.0,25551.0,
/Users/eakin/Projects/ergousha/kaggriculture/logs/_v052_refit/opp_episode-109183709-replay.py,542501871,0,PIZZA_SHOP,ICE_CREAM_SHOP,116015.0,146421.0,
/Users/eakin/Projects/ergousha/kaggriculture/logs/_v052_refit/opp_episode-109183709-replay.py,542501871,1,PIZZA_SHOP,ICE_CREAM_SHOP,116015.0,146421.0,
/Users/eakin/Projects/ergousha/kaggriculture/logs/_v052_refit/opp_episode-109183151-replay.py,561835411,0,PIZZA_SHOP,SMOOTHIE_SHOP,122531.0,78895.0,
/Users/eakin/Projects/ergousha/kaggriculture/logs/_v052_refit/opp_episode-109183151-replay.py,561835411,1,PIZZA_SHOP,SMOOTHIE_SHOP,122531.0,78895.0,
/Users/eakin/Projects/ergousha/kaggriculture/logs/_v052_refit/opp_episode-90058713-replay.py,628147267,0,PIZZA_SHOP,ICE_CREAM_SHOP,148566.0,102089.0,
/Users/eakin/Projects/ergousha/kaggriculture/logs/_v052_refit/opp_episode-90058713-replay.py,628147267,1,PIZZA_SHOP,ICE_CREAM_SHOP,148534.0,102339.0,
/Users/eakin/Projects/ergousha/kaggriculture/logs/_v052_refit/opp_episode-109184785-replay.py,669038416,0,ICE_CREAM_SHOP,BAKERY,89633.0,90519.0,
/Users/eakin/Projects/ergousha/kaggriculture/logs/_v052_refit/opp_episode-109184785-replay.py,669038416,1,ICE_CREAM_SHOP,BAKERY,89633.0,90519.0,
/Users/eakin/Projects/ergousha/kaggriculture/logs/_v052_refit/opp_episode-109185859-replay.py,704201996,0,PIZZA_SHOP,BAKERY,74077.0,65991.0,
/Users/eakin/Projects/ergousha/kaggriculture/logs/_v052_refit/opp_episode-109185859-replay.py,704201996,1,PIZZA_SHOP,BAKERY,78644.0,65343.0,
/Users/eakin/Projects/ergousha/kaggriculture/logs/_v052_refit/opp_episode-90000495-replay.py,712707511,0,BAKERY,BAKERY,87906.0,1516.0,
/Users/eakin/Projects/ergousha/kaggriculture/logs/_v052_refit/opp_episode-90000495-replay.py,712707511,1,BAKERY,BAKERY,87906.0,1516.0,
/Users/eakin/Projects/ergousha/kaggriculture/logs/_v052_refit/opp_episode-89997847-replay.py,766232091,0,SMOOTHIE_SHOP,ICE_CREAM_SHOP,194864.0,37145.0,
/Users/eakin/Projects/ergousha/kaggriculture/logs/_v052_refit/opp_episode-89997847-replay.py,766232091,1,SMOOTHIE_SHOP,ICE_CREAM_SHOP,194864.0,37145.0,
/Users/eakin/Projects/ergousha/kaggriculture/logs/_v052_refit/opp_episode-89996569-replay.py,799208869,0,YARN_STORE,BRUNCH_SPOT,179388.0,21469.0,
/Users/eakin/Projects/ergousha/kaggriculture/logs/_v052_refit/opp_episode-89996569-replay.py,799208869,1,YARN_STORE,BRUNCH_SPOT,179388.0,21469.0,
/Users/eakin/Projects/ergousha/kaggriculture/logs/_v052_refit/opp_episode-109181468-replay.py,807584888,0,FARMERS_MARKET,PET_CAFE,142341.0,0.0,
/Users/eakin/Projects/ergousha/kaggriculture/logs/_v052_refit/opp_episode-109181468-replay.py,807584888,1,FARMERS_MARKET,PET_CAFE,142341.0,0.0,
/Users/eakin/Projects/ergousha/kaggriculture/logs/_v052_refit/opp_episode-90036688-replay.py,824300488,0,BAKERY,PIZZA_SHOP,133428.0,6153.0,
/Users/eakin/Projects/ergousha/kaggriculture/logs/_v052_refit/opp_episode-90036688-replay.py,824300488,1,BAKERY,PIZZA_SHOP,133428.0,6153.0,
/Users/eakin/Projects/ergousha/kaggriculture/logs/_v052_refit/opp_episode-109184638-replay.py,825118386,0,SMOOTHIE_SHOP,PET_CAFE,79548.0,100283.0,
/Users/eakin/Projects/ergousha/kaggriculture/logs/_v052_refit/opp_episode-109184638-replay.py,825118386,1,SMOOTHIE_SHOP,PET_CAFE,79548.0,100283.0,
/Users/eakin/Projects/ergousha/kaggriculture/logs/_v052_refit/opp_episode-109182456-replay.py,825926970,0,BRUNCH_SPOT,BAKERY,67725.0,71857.0,
/Users/eakin/Projects/ergousha/kaggriculture/logs/_v052_refit/opp_episode-109182456-replay.py,825926970,1,BRUNCH_SPOT,BAKERY,67725.0,71857.0,
/Users/eakin/Projects/ergousha/kaggriculture/logs/_v052_refit/opp_episode-109182542-replay.py,851241281,0,FARMERS_MARKET,BAKERY,82147.0,79629.0,
/Users/eakin/Projects/ergousha/kaggriculture/logs/_v052_refit/opp_episode-109182542-replay.py,851241281,1,FARMERS_MARKET,BAKERY,82147.0,79629.0,
/Users/eakin/Projects/ergousha/kaggriculture/logs/_v052_refit/opp_episode-90038044-replay.py,861559339,0,BAKERY,ICE_CREAM_SHOP,154332.0,37080.0,
/Users/eakin/Projects/ergousha/kaggriculture/logs/_v052_refit/opp_episode-90038044-replay.py,861559339,1,BAKERY,ICE_CREAM_SHOP,154332.0,37080.0,
/Users/eakin/Projects/ergousha/kaggriculture/logs/_v052_refit/opp_episode-90158870-replay.py,867045683,0,PET_CAFE,PIZZA_SHOP,147568.0,22.0,
/Users/eakin/Projects/ergousha/kaggriculture/logs/_v052_refit/opp_episode-90158870-replay.py,867045683,1,PET_CAFE,PIZZA_SHOP,147386.0,24.0,
/Users/eakin/Projects/ergousha/kaggriculture/logs/_v052_refit/opp_episode-90095343-replay.py,877230223,0,PIZZA_SHOP,ICE_CREAM_SHOP,168254.0,48317.0,
/Users/eakin/Projects/ergousha/kaggriculture/logs/_v052_refit/opp_episode-90095343-replay.py,877230223,1,PIZZA_SHOP,ICE_CREAM_SHOP,168254.0,48317.0,
/Users/eakin/Projects/ergousha/kaggriculture/logs/_v052_refit/opp_episode-109181463-replay.py,891888961,0,YARN_STORE,PIZZA_SHOP,104747.0,114211.0,
/Users/eakin/Projects/ergousha/kaggriculture/logs/_v052_refit/opp_episode-109181463-replay.py,891888961,1,YARN_STORE,PIZZA_SHOP,104747.0,114211.0,
/Users/eakin/Projects/ergousha/kaggriculture/logs/_v052_refit/opp_episode-109184661-replay.py,907544017,0,BRUNCH_SPOT,SMOOTHIE_SHOP,100861.0,101094.0,
/Users/eakin/Projects/ergousha/kaggriculture/logs/_v052_refit/opp_episode-109184661-replay.py,907544017,1,BRUNCH_SPOT,SMOOTHIE_SHOP,100861.0,101094.0,
/Users/eakin/Projects/ergousha/kaggriculture/logs/_v052_refit/opp_episode-90127960-replay.py,908611340,0,BAKERY,ICE_CREAM_SHOP,118311.0,31003.0,
/Users/eakin/Projects/ergousha/kaggriculture/logs/_v052_refit/opp_episode-90127960-replay.py,908611340,1,BAKERY,ICE_CREAM_SHOP,118311.0,31003.0,
/Users/eakin/Projects/ergousha/kaggriculture/logs/_v052_refit/opp_episode-90159578-replay.py,932584087,0,BRUNCH_SPOT,SMOOTHIE_SHOP,172977.0,26546.0,
/Users/eakin/Projects/ergousha/kaggriculture/logs/_v052_refit/opp_episode-90159578-replay.py,932584087,1,BRUNCH_SPOT,SMOOTHIE_SHOP,172977.0,26546.0,
/Users/eakin/Projects/ergousha/kaggriculture/logs/_v052_refit/opp_episode-109186843-replay.py,948208718,0,ICE_CREAM_SHOP,SMOOTHIE_SHOP,108111.0,102134.0,
/Users/eakin/Projects/ergousha/kaggriculture/logs/_v052_refit/opp_episode-109186843-replay.py,948208718,1,ICE_CREAM_SHOP,SMOOTHIE_SHOP,108111.0,102134.0,
/Users/eakin/Projects/ergousha/kaggriculture/logs/_v052_refit/opp_episode-90029970-replay.py,964751057,0,FARMERS_MARKET,PET_CAFE,154673.0,15446.0,
/Users/eakin/Projects/ergousha/kaggriculture/logs/_v052_refit/opp_episode-90029970-replay.py,964751057,1,FARMERS_MARKET,PET_CAFE,154673.0,15446.0,
/Users/eakin/Projects/ergousha/kaggriculture/logs/_v052_refit/opp_episode-109187922-replay.py,1000097386,0,PET_CAFE,BAKERY,69544.0,69804.0,
/Users/eakin/Projects/ergousha/kaggriculture/logs/_v052_refit/opp_episode-109187922-replay.py,1000097386,1,PET_CAFE,BAKERY,69544.0,69804.0,
/Users/eakin/Projects/ergousha/kaggriculture/logs/_v052_refit/opp_episode-90047030-replay.py,1005133706,0,BAKERY,ICE_CREAM_SHOP,155069.0,10692.0,
/Users/eakin/Projects/ergousha/kaggriculture/logs/_v052_refit/opp_episode-90047030-replay.py,1005133706,1,BAKERY,ICE_CREAM_SHOP,155069.0,10692.0,
/Users/eakin/Projects/ergousha/kaggriculture/logs/_v052_refit/opp_episode-109187474-replay.py,1012752608,0,FARMERS_MARKET,BAKERY,74212.0,78596.0,
/Users/eakin/Projects/ergousha/kaggriculture/logs/_v052_refit/opp_episode-109187474-replay.py,1012752608,1,FARMERS_MARKET,BAKERY,74212.0,78596.0,
/Users/eakin/Projects/ergousha/kaggriculture/logs/_v052_refit/opp_episode-109186828-replay.py,1049411848,0,SMOOTHIE_SHOP,ICE_CREAM_SHOP,138384.0,141591.0,
/Users/eakin/Projects/ergousha/kaggriculture/logs/_v052_refit/opp_episode-109186828-replay.py,1049411848,1,SMOOTHIE_SHOP,ICE_CREAM_SHOP,138384.0,141591.0,
/Users/eakin/Projects/ergousha/kaggriculture/logs/_v052_refit/opp_episode-90097349-replay.py,1052406098,0,PIZZA_SHOP,PET_CAFE,137629.0,7817.0,
/Users/eakin/Projects/ergousha/kaggriculture/logs/_v052_refit/opp_episode-90097349-replay.py,1052406098,1,PIZZA_SHOP,FARMERS_MARKET,196852.0,20874.0,
/Users/eakin/Projects/ergousha/kaggriculture/logs/_v052_refit/opp_episode-90012831-replay.py,1085832047,0,ICE_CREAM_SHOP,BAKERY,168200.0,14814.0,
/Users/eakin/Projects/ergousha/kaggriculture/logs/_v052_refit/opp_episode-90012831-replay.py,1085832047,1,ICE_CREAM_SHOP,BAKERY,168200.0,14814.0,
/Users/eakin/Projects/ergousha/kaggriculture/logs/_v052_refit/opp_episode-109181599-replay.py,1109591667,0,BRUNCH_SPOT,PIZZA_SHOP,74687.0,76248.0,
/Users/eakin/Projects/ergousha/kaggriculture/logs/_v052_refit/opp_episode-109181599-replay.py,1109591667,1,BRUNCH_SPOT,PIZZA_SHOP,74687.0,76248.0,
/Users/eakin/Projects/ergousha/kaggriculture/logs/_v052_refit/opp_episode-89997856-replay.py,1112114540,0,ICE_CREAM_SHOP,SMOOTHIE_SHOP,195503.0,22947.0,
/Users/eakin/Projects/ergousha/kaggriculture/logs/_v052_refit/opp_episode-89997856-replay.py,1112114540,1,ICE_CREAM_SHOP,SMOOTHIE_SHOP,195503.0,22947.0,
/Users/eakin/Projects/ergousha/kaggriculture/logs/_v052_refit/opp_episode-90162362-replay.py,1114429682,0,YARN_STORE,ICE_CREAM_SHOP,152865.0,33191.0,
/Users/eakin/Projects/ergousha/kaggriculture/logs/_v052_refit/opp_episode-90162362-replay.py,1114429682,1,YARN_STORE,ICE_CREAM_SHOP,152865.0,33191.0,
/Users/eakin/Projects/ergousha/kaggriculture/logs/_v052_refit/opp_episode-89998518-replay.py,1129571127,0,BRUNCH_SPOT,BAKERY,134274.0,4611.0,
/Users/eakin/Projects/ergousha/kaggriculture/logs/_v052_refit/opp_episode-89998518-replay.py,1129571127,1,BRUNCH_SPOT,BAKERY,134274.0,4611.0,
/Users/eakin/Projects/ergousha/kaggriculture/logs/_v052_refit/opp_episode-109181465-replay.py,1131434582,0,PET_CAFE,YARN_STORE,109003.0,75913.0,
/Users/eakin/Projects/ergousha/kaggriculture/logs/_v052_refit/opp_episode-109181465-replay.py,1131434582,1,PET_CAFE,YARN_STORE,82632.0,81669.0,
/Users/eakin/Projects/ergousha/kaggriculture/logs/_v052_refit/opp_episode-109186840-replay.py,1141361760,0,PIZZA_SHOP,SMOOTHIE_SHOP,122860.0,132671.0,
/Users/eakin/Projects/ergousha/kaggriculture/logs/_v052_refit/opp_episode-109186840-replay.py,1141361760,1,PIZZA_SHOP,SMOOTHIE_SHOP,122860.0,132671.0,
/Users/eakin/Projects/ergousha/kaggriculture/logs/_v052_refit/opp_episode-109186782-replay.py,1142496902,0,BRUNCH_SPOT,SMOOTHIE_SHOP,77308.0,77439.0,
/Users/eakin/Projects/ergousha/kaggriculture/logs/_v052_refit/opp_episode-109186782-replay.py,1142496902,1,BRUNCH_SPOT,SMOOTHIE_SHOP,77308.0,77439.0,
/Users/eakin/Projects/ergousha/kaggriculture/logs/_v052_refit/opp_episode-109186829-replay.py,1146435785,0,ICE_CREAM_SHOP,PIZZA_SHOP,109812.0,111223.0,
/Users/eakin/Projects/ergousha/kaggriculture/logs/_v052_refit/opp_episode-109186829-replay.py,1146435785,1,ICE_CREAM_SHOP,PIZZA_SHOP,109812.0,111223.0,
/Users/eakin/Projects/ergousha/kaggriculture/logs/_v052_refit/opp_episode-90160967-replay.py,1204861682,0,PIZZA_SHOP,YARN_STORE,167529.0,70367.0,
/Users/eakin/Projects/ergousha/kaggriculture/logs/_v052_refit/opp_episode-90160967-replay.py,1204861682,1,PIZZA_SHOP,YARN_STORE,167529.0,70367.0,
/Users/eakin/Projects/ergousha/kaggriculture/logs/_v052_refit/opp_episode-90161674-replay.py,1211850613,0,SMOOTHIE_SHOP,FARMERS_MARKET,160147.0,13252.0,
/Users/eakin/Projects/ergousha/kaggriculture/logs/_v052_refit/opp_episode-90161674-replay.py,1211850613,1,SMOOTHIE_SHOP,FARMERS_MARKET,165058.0,13955.0,
/Users/eakin/Projects/ergousha/kaggriculture/logs/_v052_refit/opp_episode-109176207-replay.py,1275568782,0,ICE_CREAM_SHOP,PET_CAFE,88141.0,84521.0,
/Users/eakin/Projects/ergousha/kaggriculture/logs/_v052_refit/opp_episode-109176207-replay.py,1275568782,1,ICE_CREAM_SHOP,PET_CAFE,88141.0,84521.0,
/Users/eakin/Projects/ergousha/kaggriculture/logs/_v052_refit/opp_episode-90123951-replay.py,1317265050,0,YARN_STORE,BRUNCH_SPOT,195864.0,16955.0,
/Users/eakin/Projects/ergousha/kaggriculture/logs/_v052_refit/opp_episode-90123951-replay.py,1317265050,1,YARN_STORE,BRUNCH_SPOT,195864.0,16955.0,
/Users/eakin/Projects/ergousha/kaggriculture/logs/_v052_refit/opp_episode-90031933-replay.py,1335140182,0,ICE_CREAM_SHOP,BRUNCH_SPOT,112974.0,69798.0,
/Users/eakin/Projects/ergousha/kaggriculture/logs/_v052_refit/opp_episode-90031933-replay.py,1335140182,1,ICE_CREAM_SHOP,BRUNCH_SPOT,112974.0,69798.0,
/Users/eakin/Projects/ergousha/kaggriculture/logs/_v052_refit/opp_episode-109181462-replay.py,1335695867,0,SMOOTHIE_SHOP,FARMERS_MARKET,139173.0,153653.0,
/Users/eakin/Projects/ergousha/kaggriculture/logs/_v052_refit/opp_episode-109181462-replay.py,1335695867,1,SMOOTHIE_SHOP,FARMERS_MARKET,139173.0,153653.0,
/Users/eakin/Projects/ergousha/kaggriculture/logs/_v052_refit/opp_episode-90035445-replay.py,1340471539,0,PET_CAFE,FARMERS_MARKET,169097.0,7224.0,
/Users/eakin/Projects/ergousha/kaggriculture/logs/_v052_refit/opp_episode-90035445-replay.py,1340471539,1,PET_CAFE,FARMERS_MARKET,169097.0,7224.0,
/Users/eakin/Projects/ergousha/kaggriculture/logs/_v052_refit/opp_episode-89997861-replay.py,1365737885,0,YARN_STORE,PET_CAFE,138050.0,5326.0,
/Users/eakin/Projects/ergousha/kaggriculture/logs/_v052_refit/opp_episode-89997861-replay.py,1365737885,1,YARN_STORE,PIZZA_SHOP,141625.0,9907.0,
/Users/eakin/Projects/ergousha/kaggriculture/logs/_v052_refit/opp_episode-90000478-replay.py,1388759381,0,YARN_STORE,PIZZA_SHOP,147817.0,34877.0,
/Users/eakin/Projects/ergousha/kaggriculture/logs/_v052_refit/opp_episode-90000478-replay.py,1388759381,1,YARN_STORE,PIZZA_SHOP,147817.0,34877.0,
/Users/eakin/Projects/ergousha/kaggriculture/logs/_v052_refit/opp_episode-90093972-replay.py,1393853736,0,YARN_STORE,YARN_STORE,186847.0,24109.0,
/Users/eakin/Projects/ergousha/kaggriculture/logs/_v052_refit/opp_episode-90093972-replay.py,1393853736,1,YARN_STORE,YARN_STORE,186847.0,24109.0,
/Users/eakin/Projects/ergousha/kaggriculture/logs/_v052_refit/opp_episode-90163724-replay.py,1413111761,0,SMOOTHIE_SHOP,PET_CAFE,149182.0,20940.0,
/Users/eakin/Projects/ergousha/kaggriculture/logs/_v052_refit/opp_episode-90163724-replay.py,1413111761,1,SMOOTHIE_SHOP,PET_CAFE,149182.0,20940.0,
/Users/eakin/Projects/ergousha/kaggriculture/logs/_v052_refit/opp_episode-109179526-replay.py,1431549316,0,BAKERY,BRUNCH_SPOT,91475.0,72707.0,
/Users/eakin/Projects/ergousha/kaggriculture/logs/_v052_refit/opp_episode-109179526-replay.py,1431549316,1,BAKERY,BRUNCH_SPOT,91475.0,72707.0,
/Users/eakin/Projects/ergousha/kaggriculture/logs/_v052_refit/opp_episode-109183606-replay.py,1466600942,0,YARN_STORE,BRUNCH_SPOT,117578.0,99057.0,
/Users/eakin/Projects/ergousha/kaggriculture/logs/_v052_refit/opp_episode-109183606-replay.py,1466600942,1,YARN_STORE,BRUNCH_SPOT,65692.0,76134.0,
/Users/eakin/Projects/ergousha/kaggriculture/logs/_v052_refit/opp_episode-109184335-replay.py,1466819152,0,SMOOTHIE_SHOP,ICE_CREAM_SHOP,160579.0,181569.0,
/Users/eakin/Projects/ergousha/kaggriculture/logs/_v052_refit/opp_episode-109184335-replay.py,1466819152,1,SMOOTHIE_SHOP,ICE_CREAM_SHOP,160579.0,181569.0,
/Users/eakin/Projects/ergousha/kaggriculture/logs/_v052_refit/opp_episode-90115082-replay.py,1468188810,0,BAKERY,ICE_CREAM_SHOP,137232.0,4491.0,
/Users/eakin/Projects/ergousha/kaggriculture/logs/_v052_refit/opp_episode-90115082-replay.py,1468188810,1,BAKERY,ICE_CREAM_SHOP,137232.0,4491.0,
/Users/eakin/Projects/ergousha/kaggriculture/logs/_v052_refit/opp_episode-109181486-replay.py,1472865590,0,PIZZA_SHOP,YARN_STORE,96771.0,109570.0,
/Users/eakin/Projects/ergousha/kaggriculture/logs/_v052_refit/opp_episode-109181486-replay.py,1472865590,1,PIZZA_SHOP,YARN_STORE,96771.0,109570.0,
/Users/eakin/Projects/ergousha/kaggriculture/logs/_v052_refit/opp_episode-109183604-replay.py,1488796968,0,SMOOTHIE_SHOP,PIZZA_SHOP,134828.0,78655.0,
/Users/eakin/Projects/ergousha/kaggriculture/logs/_v052_refit/opp_episode-109183604-replay.py,1488796968,1,SMOOTHIE_SHOP,PIZZA_SHOP,134828.0,78655.0,
/Users/eakin/Projects/ergousha/kaggriculture/logs/_v052_refit/opp_episode-109182060-replay.py,1495928904,0,PET_CAFE,PIZZA_SHOP,84052.0,87014.0,
/Users/eakin/Projects/ergousha/kaggriculture/logs/_v052_refit/opp_episode-109182060-replay.py,1495928904,1,PET_CAFE,PIZZA_SHOP,84052.0,87014.0,
/Users/eakin/Projects/ergousha/kaggriculture/logs/_v052_refit/opp_episode-90079699-replay.py,1537227343,0,YARN_STORE,PIZZA_SHOP,187374.0,34301.0,
/Users/eakin/Projects/ergousha/kaggriculture/logs/_v052_refit/opp_episode-90079699-replay.py,1537227343,1,YARN_STORE,PIZZA_SHOP,187374.0,34301.0,
/Users/eakin/Projects/ergousha/kaggriculture/logs/_v052_refit/opp_episode-109184595-replay.py,1539450172,0,BAKERY,BRUNCH_SPOT,80656.0,74693.0,
/Users/eakin/Projects/ergousha/kaggriculture/logs/_v052_refit/opp_episode-109184595-replay.py,1539450172,1,BAKERY,BRUNCH_SPOT,80656.0,74693.0,
/Users/eakin/Projects/ergousha/kaggriculture/logs/_v052_refit/opp_episode-90040133-replay.py,1542952182,0,PET_CAFE,PET_CAFE,110209.0,13596.0,
/Users/eakin/Projects/ergousha/kaggriculture/logs/_v052_refit/opp_episode-90040133-replay.py,1542952182,1,PET_CAFE,PET_CAFE,110209.0,13596.0,
/Users/eakin/Projects/ergousha/kaggriculture/logs/_v052_refit/opp_episode-90141756-replay.py,1563148850,0,PIZZA_SHOP,ICE_CREAM_SHOP,194032.0,11913.0,
/Users/eakin/Projects/ergousha/kaggriculture/logs/_v052_refit/opp_episode-90141756-replay.py,1563148850,1,PIZZA_SHOP,ICE_CREAM_SHOP,194032.0,11913.0,
/Users/eakin/Projects/ergousha/kaggriculture/logs/_v052_refit/opp_episode-109185591-replay.py,1608222977,0,PET_CAFE,SMOOTHIE_SHOP,91546.0,96132.0,
/Users/eakin/Projects/ergousha/kaggriculture/logs/_v052_refit/opp_episode-109185591-replay.py,1608222977,1,PET_CAFE,SMOOTHIE_SHOP,91546.0,96132.0,
/Users/eakin/Projects/ergousha/kaggriculture/logs/_v052_refit/opp_episode-90163066-replay.py,1611007577,0,BRUNCH_SPOT,YARN_STORE,169705.0,3.0,
/Users/eakin/Projects/ergousha/kaggriculture/logs/_v052_refit/opp_episode-90163066-replay.py,1611007577,1,BRUNCH_SPOT,YARN_STORE,181315.0,15.0,
/Users/eakin/Projects/ergousha/kaggriculture/logs/_v052_refit/opp_episode-109176380-replay.py,1630799738,0,BAKERY,PET_CAFE,56813.0,66132.0,
/Users/eakin/Projects/ergousha/kaggriculture/logs/_v052_refit/opp_episode-109176380-replay.py,1630799738,1,BAKERY,PET_CAFE,56813.0,66132.0,
/Users/eakin/Projects/ergousha/kaggriculture/logs/_v052_refit/opp_episode-109178472-replay.py,1636251916,0,FARMERS_MARKET,YARN_STORE,82906.0,88949.0,
/Users/eakin/Projects/ergousha/kaggriculture/logs/_v052_refit/opp_episode-109178472-replay.py,1636251916,1,FARMERS_MARKET,YARN_STORE,104762.0,106254.0,
/Users/eakin/Projects/ergousha/kaggriculture/logs/_v052_refit/opp_episode-90150739-replay.py,1643619036,0,BRUNCH_SPOT,YARN_STORE,182168.0,18447.0,
/Users/eakin/Projects/ergousha/kaggriculture/logs/_v052_refit/opp_episode-90150739-replay.py,1643619036,1,BRUNCH_SPOT,YARN_STORE,182168.0,18447.0,
/Users/eakin/Projects/ergousha/kaggriculture/logs/_v052_refit/opp_episode-90065508-replay.py,1651187502,0,PET_CAFE,YARN_STORE,107011.0,52479.0,
/Users/eakin/Projects/ergousha/kaggriculture/logs/_v052_refit/opp_episode-90065508-replay.py,1651187502,1,PET_CAFE,YARN_STORE,107011.0,52479.0,
/Users/eakin/Projects/ergousha/kaggriculture/logs/_v052_refit/opp_episode-90070280-replay.py,1660536760,0,PIZZA_SHOP,PIZZA_SHOP,169913.0,10071.0,
/Users/eakin/Projects/ergousha/kaggriculture/logs/_v052_refit/opp_episode-90070280-replay.py,1660536760,1,PIZZA_SHOP,PIZZA_SHOP,169913.0,10071.0,
/Users/eakin/Projects/ergousha/kaggriculture/logs/_v052_refit/opp_episode-90009486-replay.py,1710877436,0,PIZZA_SHOP,FARMERS_MARKET,144975.0,43525.0,
/Users/eakin/Projects/ergousha/kaggriculture/logs/_v052_refit/opp_episode-90009486-replay.py,1710877436,1,PIZZA_SHOP,FARMERS_MARKET,144975.0,43525.0,
/Users/eakin/Projects/ergousha/kaggriculture/logs/_v052_refit/opp_episode-109185796-replay.py,1727933141,0,YARN_STORE,BAKERY,67433.0,72844.0,
/Users/eakin/Projects/ergousha/kaggriculture/logs/_v052_refit/opp_episode-109185796-replay.py,1727933141,1,YARN_STORE,BAKERY,67433.0,72844.0,
/Users/eakin/Projects/ergousha/kaggriculture/logs/_v052_refit/opp_episode-89999182-replay.py,1757738020,0,YARN_STORE,BRUNCH_SPOT,184525.0,16285.0,
/Users/eakin/Projects/ergousha/kaggriculture/logs/_v052_refit/opp_episode-89999182-replay.py,1757738020,1,YARN_STORE,BRUNCH_SPOT,176039.0,12797.0,
/Users/eakin/Projects/ergousha/kaggriculture/logs/_v052_refit/opp_episode-90000456-replay.py,1790988422,0,FARMERS_MARKET,YARN_STORE,160742.0,23687.0,
/Users/eakin/Projects/ergousha/kaggriculture/logs/_v052_refit/opp_episode-90000456-replay.py,1790988422,1,FARMERS_MARKET,YARN_STORE,160742.0,23687.0,
/Users/eakin/Projects/ergousha/kaggriculture/logs/_v052_refit/opp_episode-89999836-replay.py,1802035098,0,BRUNCH_SPOT,BAKERY,120871.0,15075.0,
/Users/eakin/Projects/ergousha/kaggriculture/logs/_v052_refit/opp_episode-89999836-replay.py,1802035098,1,BRUNCH_SPOT,BAKERY,120871.0,15075.0,
/Users/eakin/Projects/ergousha/kaggriculture/logs/_v052_refit/opp_episode-109185862-replay.py,1803786684,0,FARMERS_MARKET,PIZZA_SHOP,78086.0,89469.0,
/Users/eakin/Projects/ergousha/kaggriculture/logs/_v052_refit/opp_episode-109185862-replay.py,1803786684,1,FARMERS_MARKET,PIZZA_SHOP,78086.0,89469.0,
/Users/eakin/Projects/ergousha/kaggriculture/logs/_v052_refit/opp_episode-90160276-replay.py,1814558413,0,YARN_STORE,PIZZA_SHOP,176877.0,21717.0,
/Users/eakin/Projects/ergousha/kaggriculture/logs/_v052_refit/opp_episode-90160276-replay.py,1814558413,1,YARN_STORE,PIZZA_SHOP,176877.0,21717.0,
/Users/eakin/Projects/ergousha/kaggriculture/logs/_v052_refit/opp_episode-109182634-replay.py,1833395816,0,SMOOTHIE_SHOP,BAKERY,124358.0,87018.0,
/Users/eakin/Projects/ergousha/kaggriculture/logs/_v052_refit/opp_episode-109182634-replay.py,1833395816,1,SMOOTHIE_SHOP,BAKERY,124358.0,87018.0,
/Users/eakin/Projects/ergousha/kaggriculture/logs/_v052_refit/opp_episode-109187523-replay.py,1867206269,0,YARN_STORE,ICE_CREAM_SHOP,106426.0,80932.0,
/Users/eakin/Projects/ergousha/kaggriculture/logs/_v052_refit/opp_episode-109187523-replay.py,1867206269,1,YARN_STORE,ICE_CREAM_SHOP,106426.0,80932.0,
/Users/eakin/Projects/ergousha/kaggriculture/logs/_v052_refit/opp_episode-90102160-replay.py,1924056347,0,YARN_STORE,PET_CAFE,157460.0,44499.0,
/Users/eakin/Projects/ergousha/kaggriculture/logs/_v052_refit/opp_episode-90102160-replay.py,1924056347,1,YARN_STORE,PET_CAFE,157460.0,44499.0,
/Users/eakin/Projects/ergousha/kaggriculture/logs/_v052_refit/opp_episode-109183641-replay.py,1938373807,0,PET_CAFE,SMOOTHIE_SHOP,110192.0,107094.0,
/Users/eakin/Projects/ergousha/kaggriculture/logs/_v052_refit/opp_episode-109183641-replay.py,1938373807,1,PET_CAFE,SMOOTHIE_SHOP,110192.0,107094.0,
/Users/eakin/Projects/ergousha/kaggriculture/logs/_v052_refit/opp_episode-109181466-replay.py,1979533377,0,BAKERY,PIZZA_SHOP,125020.0,12660.0,
/Users/eakin/Projects/ergousha/kaggriculture/logs/_v052_refit/opp_episode-109181466-replay.py,1979533377,1,BAKERY,PIZZA_SHOP,109693.0,13147.0,
/Users/eakin/Projects/ergousha/kaggriculture/logs/_v052_refit/opp_episode-89998529-replay.py,2003637770,0,PET_CAFE,PIZZA_SHOP,96828.0,1970.0,
/Users/eakin/Projects/ergousha/kaggriculture/logs/_v052_refit/opp_episode-89998529-replay.py,2003637770,1,PET_CAFE,PIZZA_SHOP,96828.0,1970.0,
/Users/eakin/Projects/ergousha/kaggriculture/logs/_v052_refit/opp_episode-89995924-replay.py,2024350840,0,FARMERS_MARKET,ICE_CREAM_SHOP,192009.0,25501.0,
/Users/eakin/Projects/ergousha/kaggriculture/logs/_v052_refit/opp_episode-89995924-replay.py,2024350840,1,FARMERS_MARKET,ICE_CREAM_SHOP,172152.0,24155.0,
/Users/eakin/Projects/ergousha/kaggriculture/logs/_v052_refit/opp_episode-89999184-replay.py,2046838016,0,BRUNCH_SPOT,YARN_STORE,182283.0,12974.0,
/Users/eakin/Projects/ergousha/kaggriculture/logs/_v052_refit/opp_episode-89999184-replay.py,2046838016,1,BRUNCH_SPOT,YARN_STORE,192423.0,10127.0,
/Users/eakin/Projects/ergousha/kaggriculture/logs/_v052_refit/opp_episode-90156827-replay.py,2050459249,0,PET_CAFE,YARN_STORE,164028.0,820.0,
/Users/eakin/Projects/ergousha/kaggriculture/logs/_v052_refit/opp_episode-90156827-replay.py,2050459249,1,PET_CAFE,YARN_STORE,164028.0,820.0,
/Users/eakin/Projects/ergousha/kaggriculture/logs/_v052_refit/opp_episode-90163782-replay.py,2054944280,0,BAKERY,YARN_STORE,137587.0,22827.0,
/Users/eakin/Projects/ergousha/kaggriculture/logs/_v052_refit/opp_episode-90163782-replay.py,2054944280,1,BAKERY,YARN_STORE,137587.0,22827.0,
/Users/eakin/Projects/ergousha/kaggriculture/logs/_v052_refit/opp_episode-109186832-replay.py,2056018524,0,YARN_STORE,SMOOTHIE_SHOP,173835.0,102571.0,
/Users/eakin/Projects/ergousha/kaggriculture/logs/_v052_refit/opp_episode-109186832-replay.py,2056018524,1,YARN_STORE,SMOOTHIE_SHOP,173835.0,102571.0,
/Users/eakin/Projects/ergousha/kaggriculture/logs/_v052_refit/opp_episode-109176790-replay.py,2061647394,0,PIZZA_SHOP,BRUNCH_SPOT,78229.0,83684.0,
/Users/eakin/Projects/ergousha/kaggriculture/logs/_v052_refit/opp_episode-109176790-replay.py,2061647394,1,PIZZA_SHOP,BRUNCH_SPOT,78237.0,84272.0,
/Users/eakin/Projects/ergousha/kaggriculture/logs/_v052_refit/opp_episode-89999833-replay.py,2065290706,0,SMOOTHIE_SHOP,BRUNCH_SPOT,175181.0,17256.0,
/Users/eakin/Projects/ergousha/kaggriculture/logs/_v052_refit/opp_episode-89999833-replay.py,2065290706,1,SMOOTHIE_SHOP,BRUNCH_SPOT,175181.0,17256.0,
/Users/eakin/Projects/ergousha/kaggriculture/logs/_v052_refit/opp_episode-89997219-replay.py,2065974508,0,BAKERY,YARN_STORE,140077.0,8033.0,
/Users/eakin/Projects/ergousha/kaggriculture/logs/_v052_refit/opp_episode-89997219-replay.py,2065974508,1,BAKERY,YARN_STORE,140077.0,8033.0,
/Users/eakin/Projects/ergousha/kaggriculture/logs/_v052_refit/opp_episode-109183127-replay.py,2071717177,0,PET_CAFE,FARMERS_MARKET,85279.0,86419.0,
/Users/eakin/Projects/ergousha/kaggriculture/logs/_v052_refit/opp_episode-109183127-replay.py,2071717177,1,PET_CAFE,FARMERS_MARKET,85279.0,86419.0,
/Users/eakin/Projects/ergousha/kaggriculture/logs/_v052_refit/opp_episode-109184263-replay.py,2078463087,0,PET_CAFE,ICE_CREAM_SHOP,97245.0,105760.0,
/Users/eakin/Projects/ergousha/kaggriculture/logs/_v052_refit/opp_episode-109184263-replay.py,2078463087,1,PET_CAFE,ICE_CREAM_SHOP,97245.0,105760.0,
/Users/eakin/Projects/ergousha/kaggriculture/logs/_v052_refit/opp_episode-109183462-replay.py,2081224869,0,YARN_STORE,YARN_STORE,151986.0,18679.0,
/Users/eakin/Projects/ergousha/kaggriculture/logs/_v052_refit/opp_episode-109183462-replay.py,2081224869,1,YARN_STORE,YARN_STORE,151986.0,18679.0,
/Users/eakin/Projects/ergousha/kaggriculture/logs/_v052_refit/opp_episode-109180550-replay.py,2107285740,0,PIZZA_SHOP,YARN_STORE,119675.0,126494.0,
/Users/eakin/Projects/ergousha/kaggriculture/logs/_v052_refit/opp_episode-109180550-replay.py,2107285740,1,PIZZA_SHOP,YARN_STORE,119675.0,126494.0,
/Users/eakin/Projects/ergousha/kaggriculture/logs/_v052_refit/opp_episode-90160260-replay.py,2108783635,0,PET_CAFE,BAKERY,115697.0,8631.0,
/Users/eakin/Projects/ergousha/kaggriculture/logs/_v052_refit/opp_episode-90160260-replay.py,2108783635,1,BAKERY,PIZZA_SHOP,148491.0,0.0,
